gift_id,member_id,gift_date,amount,fund,method,is_recurring,plan_id
G000804,M0119,2023-07-12,150.0,General,Online recurring,Yes,RP0038
G001426,M0235,2023-08-09,150.0,General,Online recurring,Yes,RP0064
G000803,M0119,2023-08-12,150.0,General,Online recurring,Yes,RP0038
G000609,M0097,2023-08-15,200.0,General,Online recurring,Yes,RP0029
G001425,M0235,2023-09-09,150.0,General,Online recurring,Yes,RP0064
G000802,M0119,2023-09-12,150.0,General,Online recurring,Yes,RP0038
G000228,M0033,2023-09-15,100.0,General,Online recurring,Yes,RP0010
G000608,M0097,2023-09-15,200.0,General,Online recurring,Yes,RP0029
G001424,M0235,2023-10-09,150.0,General,Online recurring,Yes,RP0064
G000801,M0119,2023-10-12,150.0,General,Online recurring,Yes,RP0038
G001226,M0208,2023-10-13,100.0,General,Online recurring,Yes,RP0056
G000227,M0033,2023-10-15,100.0,General,Online recurring,Yes,RP0010
G000607,M0097,2023-10-15,200.0,General,Online recurring,Yes,RP0029
G001423,M0235,2023-11-09,150.0,General,Online recurring,Yes,RP0064
G000800,M0119,2023-11-12,150.0,General,Online recurring,Yes,RP0038
G001225,M0208,2023-11-13,100.0,General,Online recurring,Yes,RP0056
G000226,M0033,2023-11-15,100.0,General,Online recurring,Yes,RP0010
G000606,M0097,2023-11-15,200.0,General,Online recurring,Yes,RP0029
G001422,M0235,2023-12-09,150.0,General,Online recurring,Yes,RP0064
G000799,M0119,2023-12-12,150.0,General,Online recurring,Yes,RP0038
G001224,M0208,2023-12-13,100.0,General,Online recurring,Yes,RP0056
G000225,M0033,2023-12-15,100.0,General,Online recurring,Yes,RP0010
G000605,M0097,2023-12-15,200.0,General,Online recurring,Yes,RP0029
G001263,M0215,2023-12-19,100.0,General,Online recurring,Yes,RP0057
G001421,M0235,2024-01-09,150.0,General,Online recurring,Yes,RP0064
G000798,M0119,2024-01-12,150.0,General,Online recurring,Yes,RP0038
G001223,M0208,2024-01-13,100.0,General,Online recurring,Yes,RP0056
G000224,M0033,2024-01-15,100.0,General,Online recurring,Yes,RP0010
G000604,M0097,2024-01-15,200.0,General,Online recurring,Yes,RP0029
G001262,M0215,2024-01-19,100.0,General,Online recurring,Yes,RP0057
G001420,M0235,2024-02-09,150.0,General,Online recurring,Yes,RP0064
G000797,M0119,2024-02-12,150.0,General,Online recurring,Yes,RP0038
G001222,M0208,2024-02-13,100.0,General,Online recurring,Yes,RP0056
G000223,M0033,2024-02-15,100.0,General,Online recurring,Yes,RP0010
G000603,M0097,2024-02-15,200.0,General,Online recurring,Yes,RP0029
G001261,M0215,2024-02-19,100.0,General,Online recurring,Yes,RP0057
G001419,M0235,2024-03-09,150.0,General,Online recurring,Yes,RP0064
G000796,M0119,2024-03-12,150.0,General,Online recurring,Yes,RP0038
G001221,M0208,2024-03-13,100.0,General,Online recurring,Yes,RP0056
G000222,M0033,2024-03-15,100.0,General,Online recurring,Yes,RP0010
G000602,M0097,2024-03-15,200.0,General,Online recurring,Yes,RP0029
G001260,M0215,2024-03-19,100.0,General,Online recurring,Yes,RP0057
G001418,M0235,2024-04-09,150.0,General,Online recurring,Yes,RP0064
G000795,M0119,2024-04-12,150.0,General,Online recurring,Yes,RP0038
G001220,M0208,2024-04-13,100.0,General,Online recurring,Yes,RP0056
G000221,M0033,2024-04-15,100.0,General,Online recurring,Yes,RP0010
G000601,M0097,2024-04-15,200.0,General,Online recurring,Yes,RP0029
G001259,M0215,2024-04-19,100.0,General,Online recurring,Yes,RP0057
G001417,M0235,2024-05-09,150.0,General,Online recurring,Yes,RP0064
G000794,M0119,2024-05-12,150.0,General,Online recurring,Yes,RP0038
G001219,M0208,2024-05-13,100.0,General,Online recurring,Yes,RP0056
G000220,M0033,2024-05-15,100.0,General,Online recurring,Yes,RP0010
G000600,M0097,2024-05-15,200.0,General,Online recurring,Yes,RP0029
G000364,M0070,2024-05-17,150.0,General,Online recurring,Yes,RP0017
G001258,M0215,2024-05-19,100.0,General,Online recurring,Yes,RP0057
G000031,M0002,2024-06-08,100.0,General,Online recurring,Yes,RP0001
G001416,M0235,2024-06-09,150.0,General,Online recurring,Yes,RP0064
G000793,M0119,2024-06-12,150.0,General,Online recurring,Yes,RP0038
G001218,M0208,2024-06-13,100.0,General,Online recurring,Yes,RP0056
G000219,M0033,2024-06-15,100.0,General,Online recurring,Yes,RP0010
G000599,M0097,2024-06-15,200.0,General,Online recurring,Yes,RP0029
G000363,M0070,2024-06-17,150.0,General,Online recurring,Yes,RP0017
G001257,M0215,2024-06-19,100.0,General,Online recurring,Yes,RP0057
G000501,M0083,2024-06-27,50.0,General,Online recurring,Yes,RP0024
G000030,M0002,2024-07-08,100.0,General,Online recurring,Yes,RP0001
G001415,M0235,2024-07-09,150.0,General,Online recurring,Yes,RP0064
G000792,M0119,2024-07-12,150.0,General,Online recurring,Yes,RP0038
G001217,M0208,2024-07-13,100.0,General,Online recurring,Yes,RP0056
G000218,M0033,2024-07-15,100.0,General,Online recurring,Yes,RP0010
G000598,M0097,2024-07-15,200.0,General,Online recurring,Yes,RP0029
G000362,M0070,2024-07-17,150.0,General,Online recurring,Yes,RP0017
G001006,M0168,2024-07-17,30.0,General,Online recurring,Yes,RP0047
G001045,M0174,2024-07-19,150.0,General,Online recurring,Yes,RP0049
G001256,M0215,2024-07-19,100.0,General,Online recurring,Yes,RP0057
G000838,M0124,2024-07-26,100.0,General,Online recurring,Yes,RP0039
G000500,M0083,2024-07-27,50.0,General,Online recurring,Yes,RP0024
G000029,M0002,2024-08-08,100.0,General,Online recurring,Yes,RP0001
G001414,M0235,2024-08-09,150.0,General,Online recurring,Yes,RP0064
G000791,M0119,2024-08-12,150.0,General,Online recurring,Yes,RP0038
G001216,M0208,2024-08-13,100.0,General,Online recurring,Yes,RP0056
G000217,M0033,2024-08-15,100.0,General,Online recurring,Yes,RP0010
G000597,M0097,2024-08-15,200.0,General,Online recurring,Yes,RP0029
G000361,M0070,2024-08-17,150.0,General,Online recurring,Yes,RP0017
G001005,M0168,2024-08-17,30.0,General,Online recurring,Yes,RP0047
G001044,M0174,2024-08-19,150.0,General,Online recurring,Yes,RP0049
G001255,M0215,2024-08-19,100.0,General,Online recurring,Yes,RP0057
G000527,M0084,2024-08-20,75.0,General,Online recurring,Yes,RP0025
G000837,M0124,2024-08-26,100.0,General,Online recurring,Yes,RP0039
G000499,M0083,2024-08-27,50.0,General,Online recurring,Yes,RP0024
G000028,M0002,2024-09-08,100.0,General,Online recurring,Yes,RP0001
G001413,M0235,2024-09-09,150.0,General,Online recurring,Yes,RP0064
G000732,M0115,2024-09-12,200.0,General,Online recurring,Yes,RP0035
G000790,M0119,2024-09-12,150.0,General,Online recurring,Yes,RP0038
G001215,M0208,2024-09-13,100.0,General,Online recurring,Yes,RP0056
G000216,M0033,2024-09-15,100.0,General,Online recurring,Yes,RP0010
G000596,M0097,2024-09-15,200.0,General,Online recurring,Yes,RP0029
G000360,M0070,2024-09-17,150.0,General,Online recurring,Yes,RP0017
G000388,M0071,2024-09-17,60.0,General,Online recurring,Yes,RP0018
G001004,M0168,2024-09-17,30.0,General,Online recurring,Yes,RP0047
G000638,M0104,2024-09-19,75.0,General,Online recurring,Yes,RP0030
G001043,M0174,2024-09-19,150.0,General,Online recurring,Yes,RP0049
G001254,M0215,2024-09-19,100.0,General,Online recurring,Yes,RP0057
G000526,M0084,2024-09-20,75.0,General,Online recurring,Yes,RP0025
G001153,M0190,2024-09-20,500.0,General,Online recurring,Yes,RP0053
G000836,M0124,2024-09-26,100.0,General,Online recurring,Yes,RP0039
G000498,M0083,2024-09-27,50.0,General,Online recurring,Yes,RP0024
G000700,M0112,2024-09-28,200.0,General,Online recurring,Yes,RP0033
G000027,M0002,2024-10-08,100.0,General,Online recurring,Yes,RP0001
G001412,M0235,2024-10-09,150.0,General,Online recurring,Yes,RP0064
G000731,M0115,2024-10-12,200.0,General,Online recurring,Yes,RP0035
G000789,M0119,2024-10-12,150.0,General,Online recurring,Yes,RP0038
G001214,M0208,2024-10-13,100.0,General,Online recurring,Yes,RP0056
G000215,M0033,2024-10-15,100.0,General,Online recurring,Yes,RP0010
G000595,M0097,2024-10-15,200.0,General,Online recurring,Yes,RP0029
G000359,M0070,2024-10-17,150.0,General,Online recurring,Yes,RP0017
G000387,M0071,2024-10-17,60.0,General,Online recurring,Yes,RP0018
G001003,M0168,2024-10-17,30.0,General,Online recurring,Yes,RP0047
G000637,M0104,2024-10-19,75.0,General,Online recurring,Yes,RP0030
G001042,M0174,2024-10-19,150.0,General,Online recurring,Yes,RP0049
G001253,M0215,2024-10-19,100.0,General,Online recurring,Yes,RP0057
G000525,M0084,2024-10-20,75.0,General,Online recurring,Yes,RP0025
G001152,M0190,2024-10-20,500.0,General,Online recurring,Yes,RP0053
G001069,M0175,2024-10-24,75.0,General,Online recurring,Yes,RP0050
G000835,M0124,2024-10-26,100.0,General,Online recurring,Yes,RP0039
G000497,M0083,2024-10-27,50.0,General,Online recurring,Yes,RP0024
G000699,M0112,2024-10-28,200.0,General,Online recurring,Yes,RP0033
G000026,M0002,2024-11-08,100.0,General,Online recurring,Yes,RP0001
G001411,M0235,2024-11-09,150.0,General,Online recurring,Yes,RP0064
G000730,M0115,2024-11-12,200.0,General,Online recurring,Yes,RP0035
G000788,M0119,2024-11-12,150.0,General,Online recurring,Yes,RP0038
G001213,M0208,2024-11-13,100.0,General,Online recurring,Yes,RP0056
G000214,M0033,2024-11-15,100.0,General,Online recurring,Yes,RP0010
G000594,M0097,2024-11-15,200.0,General,Online recurring,Yes,RP0029
G000358,M0070,2024-11-17,150.0,General,Online recurring,Yes,RP0017
G000386,M0071,2024-11-17,60.0,General,Online recurring,Yes,RP0018
G001002,M0168,2024-11-17,30.0,General,Online recurring,Yes,RP0047
G000636,M0104,2024-11-19,75.0,General,Online recurring,Yes,RP0030
G001041,M0174,2024-11-19,150.0,General,Online recurring,Yes,RP0049
G001252,M0215,2024-11-19,100.0,General,Online recurring,Yes,RP0057
G000524,M0084,2024-11-20,75.0,General,Online recurring,Yes,RP0025
G001151,M0190,2024-11-20,500.0,General,Online recurring,Yes,RP0053
G001068,M0175,2024-11-24,75.0,General,Online recurring,Yes,RP0050
G000834,M0124,2024-11-26,100.0,General,Online recurring,Yes,RP0039
G000496,M0083,2024-11-27,50.0,General,Online recurring,Yes,RP0024
G000304,M0061,2024-11-28,200.0,General,Online recurring,Yes,RP0014
G000698,M0112,2024-11-28,200.0,General,Online recurring,Yes,RP0033
G000025,M0002,2024-12-08,100.0,General,Online recurring,Yes,RP0001
G001410,M0235,2024-12-09,150.0,General,Online recurring,Yes,RP0064
G000729,M0115,2024-12-12,200.0,General,Online recurring,Yes,RP0035
G000787,M0119,2024-12-12,150.0,General,Online recurring,Yes,RP0038
G001212,M0208,2024-12-13,100.0,General,Online recurring,Yes,RP0056
G000213,M0033,2024-12-15,100.0,General,Online recurring,Yes,RP0010
G000593,M0097,2024-12-15,200.0,General,Online recurring,Yes,RP0029
G001340,M0222,2024-12-15,50.0,General,Online recurring,Yes,RP0061
G000357,M0070,2024-12-17,150.0,General,Online recurring,Yes,RP0017
G000385,M0071,2024-12-17,60.0,General,Online recurring,Yes,RP0018
G001001,M0168,2024-12-17,30.0,General,Online recurring,Yes,RP0047
G000635,M0104,2024-12-19,75.0,General,Online recurring,Yes,RP0030
G001040,M0174,2024-12-19,150.0,General,Online recurring,Yes,RP0049
G001251,M0215,2024-12-19,100.0,General,Online recurring,Yes,RP0057
G000523,M0084,2024-12-20,75.0,General,Online recurring,Yes,RP0025
G001150,M0190,2024-12-20,500.0,General,Online recurring,Yes,RP0053
G000110,M0021,2024-12-22,100.0,General,Online recurring,Yes,RP0004
G001285,M0216,2024-12-22,150.0,General,Online recurring,Yes,RP0058
G001128,M0189,2024-12-23,50.0,General,Online recurring,Yes,RP0052
G001067,M0175,2024-12-24,75.0,General,Online recurring,Yes,RP0050
G000833,M0124,2024-12-26,100.0,General,Online recurring,Yes,RP0039
G000495,M0083,2024-12-27,50.0,General,Online recurring,Yes,RP0024
G000303,M0061,2024-12-28,200.0,General,Online recurring,Yes,RP0014
G000697,M0112,2024-12-28,200.0,General,Online recurring,Yes,RP0033
G000192,M0031,2024-12-29,750.0,General,Online recurring,Yes,RP0009
G000024,M0002,2025-01-08,100.0,General,Online recurring,Yes,RP0001
G001409,M0235,2025-01-09,150.0,General,Online recurring,Yes,RP0064
G000077,M0010,2025-01-12,60.0,General,Online recurring,Yes,RP0003
G000728,M0115,2025-01-12,200.0,General,Online recurring,Yes,RP0035
G000786,M0119,2025-01-12,150.0,General,Online recurring,Yes,RP0038
G001211,M0208,2025-01-13,100.0,General,Online recurring,Yes,RP0056
G000212,M0033,2025-01-15,100.0,General,Online recurring,Yes,RP0010
G000592,M0097,2025-01-15,200.0,General,Online recurring,Yes,RP0029
G001106,M0188,2025-01-15,100.0,General,Online recurring,Yes,RP0051
G001339,M0222,2025-01-15,50.0,General,Online recurring,Yes,RP0061
G000356,M0070,2025-01-17,150.0,General,Online recurring,Yes,RP0017
G000384,M0071,2025-01-17,60.0,General,Online recurring,Yes,RP0018
G001000,M0168,2025-01-17,30.0,General,Online recurring,Yes,RP0047
G000422,M0076,2025-01-18,60.0,General,Online recurring,Yes,RP0020
G000634,M0104,2025-01-19,75.0,General,Online recurring,Yes,RP0030
G001039,M0174,2025-01-19,150.0,General,Online recurring,Yes,RP0049
G001250,M0215,2025-01-19,100.0,General,Online recurring,Yes,RP0057
G000522,M0084,2025-01-20,75.0,General,Online recurring,Yes,RP0025
G001149,M0190,2025-01-20,500.0,General,Online recurring,Yes,RP0053
G000109,M0021,2025-01-22,100.0,General,Online recurring,Yes,RP0004
G001284,M0216,2025-01-22,150.0,General,Online recurring,Yes,RP0058
G001127,M0189,2025-01-23,50.0,General,Online recurring,Yes,RP0052
G001191,M0207,2025-01-23,100.0,General,Online recurring,Yes,RP0055
G001066,M0175,2025-01-24,75.0,General,Online recurring,Yes,RP0050
G000832,M0124,2025-01-26,100.0,General,Online recurring,Yes,RP0039
G000494,M0083,2025-01-27,50.0,General,Online recurring,Yes,RP0024
G000302,M0061,2025-01-28,200.0,General,Online recurring,Yes,RP0014
G000696,M0112,2025-01-28,200.0,General,Online recurring,Yes,RP0033
G000191,M0031,2025-01-29,750.0,General,Online recurring,Yes,RP0009
G000023,M0002,2025-02-08,100.0,General,Online recurring,Yes,RP0001
G001408,M0235,2025-02-09,150.0,General,Online recurring,Yes,RP0064
G000323,M0067,2025-02-11,30.0,General,Online recurring,Yes,RP0015
G000076,M0010,2025-02-12,60.0,General,Online recurring,Yes,RP0003
G000727,M0115,2025-02-12,200.0,General,Online recurring,Yes,RP0035
G000785,M0119,2025-02-12,150.0,General,Online recurring,Yes,RP0038
G001210,M0208,2025-02-13,100.0,General,Online recurring,Yes,RP0056
G000211,M0033,2025-02-15,100.0,General,Online recurring,Yes,RP0010
G000591,M0097,2025-02-15,200.0,General,Online recurring,Yes,RP0029
G001105,M0188,2025-02-15,100.0,General,Online recurring,Yes,RP0051
G001338,M0222,2025-02-15,50.0,General,Online recurring,Yes,RP0061
G000355,M0070,2025-02-17,150.0,General,Online recurring,Yes,RP0017
G000383,M0071,2025-02-17,60.0,General,Online recurring,Yes,RP0018
G000999,M0168,2025-02-17,30.0,General,Online recurring,Yes,RP0047
G000421,M0076,2025-02-18,60.0,General,Online recurring,Yes,RP0020
G000170,M0030,2025-02-19,60.0,General,Online recurring,Yes,RP0008
G000633,M0104,2025-02-19,75.0,General,Online recurring,Yes,RP0030
G001038,M0174,2025-02-19,150.0,General,Online recurring,Yes,RP0049
G001249,M0215,2025-02-19,100.0,General,Online recurring,Yes,RP0057
G000521,M0084,2025-02-20,75.0,General,Online recurring,Yes,RP0025
G001148,M0190,2025-02-20,500.0,General,Online recurring,Yes,RP0053
G000108,M0021,2025-02-22,100.0,General,Online recurring,Yes,RP0004
G001283,M0216,2025-02-22,150.0,General,Online recurring,Yes,RP0058
G000473,M0080,2025-02-23,100.0,General,Online recurring,Yes,RP0023
G001126,M0189,2025-02-23,50.0,General,Online recurring,Yes,RP0052
G001190,M0207,2025-02-23,100.0,General,Online recurring,Yes,RP0055
G001065,M0175,2025-02-24,75.0,General,Online recurring,Yes,RP0050
G000831,M0124,2025-02-26,100.0,General,Online recurring,Yes,RP0039
G000493,M0083,2025-02-27,50.0,General,Online recurring,Yes,RP0024
G000190,M0031,2025-02-28,750.0,General,Online recurring,Yes,RP0009
G000301,M0061,2025-02-28,200.0,General,Online recurring,Yes,RP0014
G000695,M0112,2025-02-28,200.0,General,Online recurring,Yes,RP0033
G000752,M0116,2025-02-28,50.0,General,Online recurring,Yes,RP0036
G000022,M0002,2025-03-08,100.0,General,Online recurring,Yes,RP0001
G001407,M0235,2025-03-09,150.0,General,Online recurring,Yes,RP0064
G000675,M0111,2025-03-10,30.0,General,Online recurring,Yes,RP0032
G000322,M0067,2025-03-11,30.0,General,Online recurring,Yes,RP0015
G000075,M0010,2025-03-12,60.0,General,Online recurring,Yes,RP0003
G000726,M0115,2025-03-12,200.0,General,Online recurring,Yes,RP0035
G000784,M0119,2025-03-12,150.0,General,Online recurring,Yes,RP0038
G001381,M0229,2025-03-12,100.0,General,Online recurring,Yes,RP0063
G001209,M0208,2025-03-13,100.0,General,Online recurring,Yes,RP0056
G000210,M0033,2025-03-15,100.0,General,Online recurring,Yes,RP0010
G000590,M0097,2025-03-15,200.0,General,Online recurring,Yes,RP0029
G001104,M0188,2025-03-15,100.0,General,Online recurring,Yes,RP0051
G001337,M0222,2025-03-15,50.0,General,Online recurring,Yes,RP0061
G000354,M0070,2025-03-17,150.0,General,Online recurring,Yes,RP0017
G000382,M0071,2025-03-17,60.0,General,Online recurring,Yes,RP0018
G000998,M0168,2025-03-17,30.0,General,Online recurring,Yes,RP0047
G000420,M0076,2025-03-18,60.0,General,Online recurring,Yes,RP0020
G000169,M0030,2025-03-19,60.0,General,Online recurring,Yes,RP0008
G000632,M0104,2025-03-19,75.0,General,Online recurring,Yes,RP0030
G001037,M0174,2025-03-19,150.0,General,Online recurring,Yes,RP0049
G001248,M0215,2025-03-19,100.0,General,Online recurring,Yes,RP0057
G000520,M0084,2025-03-20,75.0,General,Online recurring,Yes,RP0025
G001147,M0190,2025-03-20,500.0,General,Online recurring,Yes,RP0053
G000107,M0021,2025-03-22,100.0,General,Online recurring,Yes,RP0004
G001282,M0216,2025-03-22,150.0,General,Online recurring,Yes,RP0058
G000472,M0080,2025-03-23,100.0,General,Online recurring,Yes,RP0023
G001125,M0189,2025-03-23,50.0,General,Online recurring,Yes,RP0052
G001189,M0207,2025-03-23,100.0,General,Online recurring,Yes,RP0055
G001064,M0175,2025-03-24,75.0,General,Online recurring,Yes,RP0050
G000830,M0124,2025-03-26,100.0,General,Online recurring,Yes,RP0039
G000492,M0083,2025-03-27,50.0,General,Online recurring,Yes,RP0024
G000874,M0126,2025-03-27,60.0,General,Online recurring,Yes,RP0041
G000300,M0061,2025-03-28,200.0,General,Online recurring,Yes,RP0014
G000694,M0112,2025-03-28,200.0,General,Online recurring,Yes,RP0033
G000751,M0116,2025-03-28,50.0,General,Online recurring,Yes,RP0036
G000189,M0031,2025-03-29,750.0,General,Online recurring,Yes,RP0009
G000021,M0002,2025-04-08,100.0,General,Online recurring,Yes,RP0001
G001303,M0217,2025-04-09,100.0,General,Online recurring,Yes,RP0059
G001406,M0235,2025-04-09,150.0,General,Online recurring,Yes,RP0064
G000674,M0111,2025-04-10,30.0,General,Online recurring,Yes,RP0032
G000321,M0067,2025-04-11,30.0,General,Online recurring,Yes,RP0015
G000074,M0010,2025-04-12,60.0,General,Online recurring,Yes,RP0003
G000725,M0115,2025-04-12,200.0,General,Online recurring,Yes,RP0035
G000783,M0119,2025-04-12,150.0,General,Online recurring,Yes,RP0038
G001380,M0229,2025-04-12,100.0,General,Online recurring,Yes,RP0063
G001208,M0208,2025-04-13,100.0,General,Online recurring,Yes,RP0056
G000209,M0033,2025-04-15,100.0,General,Online recurring,Yes,RP0010
G000589,M0097,2025-04-15,200.0,General,Online recurring,Yes,RP0029
G000944,M0153,2025-04-15,50.0,General,Online recurring,Yes,RP0044
G001103,M0188,2025-04-15,100.0,General,Online recurring,Yes,RP0051
G001336,M0222,2025-04-15,50.0,General,Online recurring,Yes,RP0061
G000353,M0070,2025-04-17,150.0,General,Online recurring,Yes,RP0017
G000381,M0071,2025-04-17,60.0,General,Online recurring,Yes,RP0018
G000997,M0168,2025-04-17,30.0,General,Online recurring,Yes,RP0047
G000419,M0076,2025-04-18,60.0,General,Online recurring,Yes,RP0020
G000168,M0030,2025-04-19,60.0,General,Online recurring,Yes,RP0008
G000631,M0104,2025-04-19,75.0,General,Online recurring,Yes,RP0030
G001036,M0174,2025-04-19,150.0,General,Online recurring,Yes,RP0049
G001247,M0215,2025-04-19,100.0,General,Online recurring,Yes,RP0057
G000519,M0084,2025-04-20,75.0,General,Online recurring,Yes,RP0025
G001146,M0190,2025-04-20,500.0,General,Online recurring,Yes,RP0053
G000910,M0133,2025-04-21,100.0,General,Online recurring,Yes,RP0043
G000106,M0021,2025-04-22,100.0,General,Online recurring,Yes,RP0004
G001281,M0216,2025-04-22,150.0,General,Online recurring,Yes,RP0058
G000471,M0080,2025-04-23,100.0,General,Online recurring,Yes,RP0023
G001124,M0189,2025-04-23,50.0,General,Online recurring,Yes,RP0052
G001188,M0207,2025-04-23,100.0,General,Online recurring,Yes,RP0055
G001063,M0175,2025-04-24,75.0,General,Online recurring,Yes,RP0050
G000545,M0085,2025-04-26,20.0,General,Online recurring,Yes,RP0026
G000829,M0124,2025-04-26,100.0,General,Online recurring,Yes,RP0039
G000491,M0083,2025-04-27,50.0,General,Online recurring,Yes,RP0024
G000873,M0126,2025-04-27,60.0,General,Online recurring,Yes,RP0041
G000299,M0061,2025-04-28,200.0,General,Online recurring,Yes,RP0014
G000693,M0112,2025-04-28,200.0,General,Online recurring,Yes,RP0033
G000750,M0116,2025-04-28,50.0,General,Online recurring,Yes,RP0036
G000188,M0031,2025-04-29,750.0,General,Online recurring,Yes,RP0009
G000020,M0002,2025-05-08,100.0,General,Online recurring,Yes,RP0001
G001302,M0217,2025-05-09,100.0,General,Online recurring,Yes,RP0059
G001405,M0235,2025-05-09,150.0,General,Online recurring,Yes,RP0064
G000673,M0111,2025-05-10,30.0,General,Online recurring,Yes,RP0032
G000320,M0067,2025-05-11,30.0,General,Online recurring,Yes,RP0015
G000073,M0010,2025-05-12,60.0,General,Online recurring,Yes,RP0003
G000724,M0115,2025-05-12,200.0,General,Online recurring,Yes,RP0035
G000782,M0119,2025-05-12,150.0,General,Online recurring,Yes,RP0038
G001379,M0229,2025-05-12,100.0,General,Online recurring,Yes,RP0063
G001207,M0208,2025-05-13,100.0,General,Online recurring,Yes,RP0056
G000208,M0033,2025-05-15,100.0,General,Online recurring,Yes,RP0010
G000588,M0097,2025-05-15,200.0,General,Online recurring,Yes,RP0029
G000943,M0153,2025-05-15,50.0,General,Online recurring,Yes,RP0044
G000961,M0155,2025-05-15,50.0,General,Online recurring,Yes,RP0045
G001102,M0188,2025-05-15,100.0,General,Online recurring,Yes,RP0051
G001335,M0222,2025-05-15,50.0,General,Online recurring,Yes,RP0061
G000352,M0070,2025-05-17,150.0,General,Online recurring,Yes,RP0017
G000380,M0071,2025-05-17,60.0,General,Online recurring,Yes,RP0018
G000996,M0168,2025-05-17,30.0,General,Online recurring,Yes,RP0047
G000418,M0076,2025-05-18,60.0,General,Online recurring,Yes,RP0020
G000167,M0030,2025-05-19,60.0,General,Online recurring,Yes,RP0008
G000630,M0104,2025-05-19,75.0,General,Online recurring,Yes,RP0030
G001035,M0174,2025-05-19,150.0,General,Online recurring,Yes,RP0049
G001246,M0215,2025-05-19,100.0,General,Online recurring,Yes,RP0057
G000518,M0084,2025-05-20,75.0,General,Online recurring,Yes,RP0025
G001145,M0190,2025-05-20,500.0,General,Online recurring,Yes,RP0053
G000909,M0133,2025-05-21,100.0,General,Online recurring,Yes,RP0043
G000105,M0021,2025-05-22,100.0,General,Online recurring,Yes,RP0004
G000453,M0079,2025-05-22,30.0,General,Online recurring,Yes,RP0022
G001280,M0216,2025-05-22,150.0,General,Online recurring,Yes,RP0058
G000470,M0080,2025-05-23,100.0,General,Online recurring,Yes,RP0023
G001123,M0189,2025-05-23,50.0,General,Online recurring,Yes,RP0052
G001187,M0207,2025-05-23,100.0,General,Online recurring,Yes,RP0055
G001062,M0175,2025-05-24,75.0,General,Online recurring,Yes,RP0050
G000855,M0125,2025-05-25,200.0,General,Online recurring,Yes,RP0040
G001357,M0223,2025-05-25,20.0,General,Online recurring,Yes,RP0062
G000544,M0085,2025-05-26,20.0,General,Online recurring,Yes,RP0026
G000828,M0124,2025-05-26,100.0,General,Online recurring,Yes,RP0039
G000490,M0083,2025-05-27,50.0,General,Online recurring,Yes,RP0024
G000872,M0126,2025-05-27,60.0,General,Online recurring,Yes,RP0041
G000146,M0026,2025-05-28,40.0,General,Online recurring,Yes,RP0007
G000298,M0061,2025-05-28,200.0,General,Online recurring,Yes,RP0014
G000692,M0112,2025-05-28,200.0,General,Online recurring,Yes,RP0033
G000749,M0116,2025-05-28,50.0,General,Online recurring,Yes,RP0036
G000187,M0031,2025-05-29,750.0,General,Online recurring,Yes,RP0009
G000019,M0002,2025-06-08,100.0,General,Online recurring,Yes,RP0001
G001301,M0217,2025-06-09,100.0,General,Online recurring,Yes,RP0059
G001404,M0235,2025-06-09,150.0,General,Online recurring,Yes,RP0064
G000672,M0111,2025-06-10,30.0,General,Online recurring,Yes,RP0032
G000319,M0067,2025-06-11,30.0,General,Online recurring,Yes,RP0015
G000072,M0010,2025-06-12,60.0,General,Online recurring,Yes,RP0003
G000723,M0115,2025-06-12,200.0,General,Online recurring,Yes,RP0035
G000781,M0119,2025-06-12,150.0,General,Online recurring,Yes,RP0038
G001378,M0229,2025-06-12,100.0,General,Online recurring,Yes,RP0063
G000979,M0160,2025-06-13,50.0,General,Online recurring,Yes,RP0046
G001206,M0208,2025-06-13,100.0,General,Online recurring,Yes,RP0056
G000207,M0033,2025-06-15,100.0,General,Online recurring,Yes,RP0010
G000587,M0097,2025-06-15,200.0,General,Online recurring,Yes,RP0029
G000942,M0153,2025-06-15,50.0,General,Online recurring,Yes,RP0044
G000960,M0155,2025-06-15,50.0,General,Online recurring,Yes,RP0045
G001101,M0188,2025-06-15,100.0,General,Online recurring,Yes,RP0051
G001334,M0222,2025-06-15,50.0,General,Online recurring,Yes,RP0061
G000351,M0070,2025-06-17,150.0,General,Online recurring,Yes,RP0017
G000379,M0071,2025-06-17,60.0,General,Online recurring,Yes,RP0018
G000995,M0168,2025-06-17,30.0,General,Online recurring,Yes,RP0047
G000417,M0076,2025-06-18,60.0,General,Online recurring,Yes,RP0020
G000166,M0030,2025-06-19,60.0,General,Online recurring,Yes,RP0008
G000629,M0104,2025-06-19,75.0,General,Online recurring,Yes,RP0030
G001034,M0174,2025-06-19,150.0,General,Online recurring,Yes,RP0049
G001245,M0215,2025-06-19,100.0,General,Online recurring,Yes,RP0057
G000517,M0084,2025-06-20,75.0,General,Online recurring,Yes,RP0025
G001144,M0190,2025-06-20,500.0,General,Online recurring,Yes,RP0053
G000908,M0133,2025-06-21,100.0,General,Online recurring,Yes,RP0043
G000104,M0021,2025-06-22,100.0,General,Online recurring,Yes,RP0004
G000452,M0079,2025-06-22,30.0,General,Online recurring,Yes,RP0022
G001279,M0216,2025-06-22,150.0,General,Online recurring,Yes,RP0058
G000469,M0080,2025-06-23,100.0,General,Online recurring,Yes,RP0023
G001122,M0189,2025-06-23,50.0,General,Online recurring,Yes,RP0052
G001186,M0207,2025-06-23,100.0,General,Online recurring,Yes,RP0055
G001061,M0175,2025-06-24,75.0,General,Online recurring,Yes,RP0050
G000854,M0125,2025-06-25,200.0,General,Online recurring,Yes,RP0040
G001356,M0223,2025-06-25,20.0,General,Online recurring,Yes,RP0062
G000543,M0085,2025-06-26,20.0,General,Online recurring,Yes,RP0026
G000827,M0124,2025-06-26,100.0,General,Online recurring,Yes,RP0039
G000489,M0083,2025-06-27,50.0,General,Online recurring,Yes,RP0024
G000871,M0126,2025-06-27,60.0,General,Online recurring,Yes,RP0041
G000145,M0026,2025-06-28,40.0,General,Online recurring,Yes,RP0007
G000297,M0061,2025-06-28,200.0,General,Online recurring,Yes,RP0014
G000691,M0112,2025-06-28,200.0,General,Online recurring,Yes,RP0033
G000748,M0116,2025-06-28,50.0,General,Online recurring,Yes,RP0036
G000186,M0031,2025-06-29,750.0,General,Online recurring,Yes,RP0009
G000018,M0002,2025-07-08,100.0,General,Online recurring,Yes,RP0001
G000050,M0004,2025-07-09,75.0,General,Online recurring,Yes,RP0002
G001300,M0217,2025-07-09,100.0,General,Online recurring,Yes,RP0059
G001403,M0235,2025-07-09,150.0,General,Online recurring,Yes,RP0064
G000671,M0111,2025-07-10,30.0,General,Online recurring,Yes,RP0032
G000318,M0067,2025-07-11,30.0,General,Online recurring,Yes,RP0015
G000071,M0010,2025-07-12,60.0,General,Online recurring,Yes,RP0003
G000722,M0115,2025-07-12,200.0,General,Online recurring,Yes,RP0035
G000780,M0119,2025-07-12,150.0,General,Online recurring,Yes,RP0038
G001377,M0229,2025-07-12,100.0,General,Online recurring,Yes,RP0063
G000978,M0160,2025-07-13,50.0,General,Online recurring,Yes,RP0046
G001205,M0208,2025-07-13,100.0,General,Online recurring,Yes,RP0056
G000206,M0033,2025-07-15,100.0,General,Online recurring,Yes,RP0010
G000586,M0097,2025-07-15,200.0,General,Online recurring,Yes,RP0029
G000941,M0153,2025-07-15,50.0,General,Online recurring,Yes,RP0044
G000959,M0155,2025-07-15,50.0,General,Online recurring,Yes,RP0045
G001100,M0188,2025-07-15,100.0,General,Online recurring,Yes,RP0051
G001333,M0222,2025-07-15,50.0,General,Online recurring,Yes,RP0061
G000350,M0070,2025-07-17,150.0,General,Online recurring,Yes,RP0017
G000378,M0071,2025-07-17,60.0,General,Online recurring,Yes,RP0018
G000994,M0168,2025-07-17,30.0,General,Online recurring,Yes,RP0047
G000416,M0076,2025-07-18,60.0,General,Online recurring,Yes,RP0020
G000165,M0030,2025-07-19,60.0,General,Online recurring,Yes,RP0008
G000628,M0104,2025-07-19,75.0,General,Online recurring,Yes,RP0030
G001033,M0174,2025-07-19,150.0,General,Online recurring,Yes,RP0049
G001244,M0215,2025-07-19,100.0,General,Online recurring,Yes,RP0057
G000516,M0084,2025-07-20,75.0,General,Online recurring,Yes,RP0025
G001143,M0190,2025-07-20,500.0,General,Online recurring,Yes,RP0053
G000907,M0133,2025-07-21,100.0,General,Online recurring,Yes,RP0043
G000103,M0021,2025-07-22,100.0,General,Online recurring,Yes,RP0004
G000451,M0079,2025-07-22,30.0,General,Online recurring,Yes,RP0022
G001278,M0216,2025-07-22,150.0,General,Online recurring,Yes,RP0058
G000468,M0080,2025-07-23,100.0,General,Online recurring,Yes,RP0023
G001121,M0189,2025-07-23,50.0,General,Online recurring,Yes,RP0052
G001185,M0207,2025-07-23,100.0,General,Online recurring,Yes,RP0055
G001060,M0175,2025-07-24,75.0,General,Online recurring,Yes,RP0050
G000853,M0125,2025-07-25,200.0,General,Online recurring,Yes,RP0040
G001355,M0223,2025-07-25,20.0,General,Online recurring,Yes,RP0062
G000542,M0085,2025-07-26,20.0,General,Online recurring,Yes,RP0026
G000826,M0124,2025-07-26,100.0,General,Online recurring,Yes,RP0039
G000488,M0083,2025-07-27,50.0,General,Online recurring,Yes,RP0024
G000870,M0126,2025-07-27,60.0,General,Online recurring,Yes,RP0041
G000144,M0026,2025-07-28,40.0,General,Online recurring,Yes,RP0007
G000296,M0061,2025-07-28,200.0,General,Online recurring,Yes,RP0014
G000690,M0112,2025-07-28,200.0,General,Online recurring,Yes,RP0033
G000747,M0116,2025-07-28,50.0,General,Online recurring,Yes,RP0036
G001318,M0218,2025-07-28,50.0,General,Online recurring,Yes,RP0060
G000185,M0031,2025-07-29,750.0,General,Online recurring,Yes,RP0009
G000017,M0002,2025-08-08,100.0,General,Online recurring,Yes,RP0001
G000049,M0004,2025-08-09,75.0,General,Online recurring,Yes,RP0002
G000809,M0121,2025-08-09,65.0,General,Check,No,
G001299,M0217,2025-08-09,100.0,General,Online recurring,Yes,RP0059
G001402,M0235,2025-08-09,150.0,General,Online recurring,Yes,RP0064
G000670,M0111,2025-08-10,30.0,General,Online recurring,Yes,RP0032
G000317,M0067,2025-08-11,30.0,General,Online recurring,Yes,RP0015
G000070,M0010,2025-08-12,60.0,General,Online recurring,Yes,RP0003
G000721,M0115,2025-08-12,200.0,General,Online recurring,Yes,RP0035
G000779,M0119,2025-08-12,150.0,General,Online recurring,Yes,RP0038
G001376,M0229,2025-08-12,100.0,General,Online recurring,Yes,RP0063
G000977,M0160,2025-08-13,50.0,General,Online recurring,Yes,RP0046
G001204,M0208,2025-08-13,100.0,General,Online recurring,Yes,RP0056
G000205,M0033,2025-08-15,100.0,General,Online recurring,Yes,RP0010
G000585,M0097,2025-08-15,200.0,General,Online recurring,Yes,RP0029
G000940,M0153,2025-08-15,50.0,General,Online recurring,Yes,RP0044
G000958,M0155,2025-08-15,50.0,General,Online recurring,Yes,RP0045
G001099,M0188,2025-08-15,100.0,General,Online recurring,Yes,RP0051
G001332,M0222,2025-08-15,50.0,General,Online recurring,Yes,RP0061
G000349,M0070,2025-08-17,150.0,General,Online recurring,Yes,RP0017
G000377,M0071,2025-08-17,60.0,General,Online recurring,Yes,RP0018
G000993,M0168,2025-08-17,30.0,General,Online recurring,Yes,RP0047
G000415,M0076,2025-08-18,60.0,General,Online recurring,Yes,RP0020
G000164,M0030,2025-08-19,60.0,General,Online recurring,Yes,RP0008
G000627,M0104,2025-08-19,75.0,General,Online recurring,Yes,RP0030
G001032,M0174,2025-08-19,150.0,General,Online recurring,Yes,RP0049
G001243,M0215,2025-08-19,100.0,General,Online recurring,Yes,RP0057
G000515,M0084,2025-08-20,75.0,General,Online recurring,Yes,RP0025
G001142,M0190,2025-08-20,500.0,General,Online recurring,Yes,RP0053
G000906,M0133,2025-08-21,100.0,General,Online recurring,Yes,RP0043
G000102,M0021,2025-08-22,100.0,General,Online recurring,Yes,RP0004
G000450,M0079,2025-08-22,30.0,General,Online recurring,Yes,RP0022
G001277,M0216,2025-08-22,150.0,General,Online recurring,Yes,RP0058
G000467,M0080,2025-08-23,100.0,General,Online recurring,Yes,RP0023
G001120,M0189,2025-08-23,50.0,General,Online recurring,Yes,RP0052
G001184,M0207,2025-08-23,100.0,General,Online recurring,Yes,RP0055
G000766,M0118,2025-08-24,50.0,General,Online recurring,Yes,RP0037
G001059,M0175,2025-08-24,75.0,General,Online recurring,Yes,RP0050
G000852,M0125,2025-08-25,200.0,General,Online recurring,Yes,RP0040
G001354,M0223,2025-08-25,20.0,General,Online recurring,Yes,RP0062
G000541,M0085,2025-08-26,20.0,General,Online recurring,Yes,RP0026
G000825,M0124,2025-08-26,100.0,General,Online recurring,Yes,RP0039
G000487,M0083,2025-08-27,50.0,General,Online recurring,Yes,RP0024
G000869,M0126,2025-08-27,60.0,General,Online recurring,Yes,RP0041
G000143,M0026,2025-08-28,40.0,General,Online recurring,Yes,RP0007
G000295,M0061,2025-08-28,200.0,General,Online recurring,Yes,RP0014
G000436,M0077,2025-08-28,75.0,General,Online recurring,Yes,RP0021
G000689,M0112,2025-08-28,200.0,General,Online recurring,Yes,RP0033
G000746,M0116,2025-08-28,50.0,General,Online recurring,Yes,RP0036
G001317,M0218,2025-08-28,50.0,General,Online recurring,Yes,RP0060
G000184,M0031,2025-08-29,750.0,General,Online recurring,Yes,RP0009
G000124,M0023,2025-08-30,50.0,General,Online recurring,Yes,RP0005
G000560,M0090,2025-09-04,75.0,General,Online one-time,No,
G000016,M0002,2025-09-08,100.0,General,Online recurring,Yes,RP0001
G000048,M0004,2025-09-09,75.0,General,Online recurring,Yes,RP0002
G001298,M0217,2025-09-09,100.0,General,Online recurring,Yes,RP0059
G001401,M0235,2025-09-09,150.0,General,Online recurring,Yes,RP0064
G000669,M0111,2025-09-10,30.0,General,Online recurring,Yes,RP0032
G000316,M0067,2025-09-11,30.0,General,Online recurring,Yes,RP0015
G000069,M0010,2025-09-12,60.0,General,Online recurring,Yes,RP0003
G000720,M0115,2025-09-12,200.0,General,Online recurring,Yes,RP0035
G000778,M0119,2025-09-12,150.0,General,Online recurring,Yes,RP0038
G001375,M0229,2025-09-12,100.0,General,Online recurring,Yes,RP0063
G000976,M0160,2025-09-13,50.0,General,Online recurring,Yes,RP0046
G001203,M0208,2025-09-13,100.0,General,Online recurring,Yes,RP0056
G000204,M0033,2025-09-15,100.0,General,Online recurring,Yes,RP0010
G000584,M0097,2025-09-15,200.0,General,Online recurring,Yes,RP0029
G000939,M0153,2025-09-15,50.0,General,Online recurring,Yes,RP0044
G000957,M0155,2025-09-15,50.0,General,Online recurring,Yes,RP0045
G001098,M0188,2025-09-15,100.0,General,Online recurring,Yes,RP0051
G001331,M0222,2025-09-15,50.0,General,Online recurring,Yes,RP0061
G000348,M0070,2025-09-17,150.0,General,Online recurring,Yes,RP0017
G000376,M0071,2025-09-17,60.0,General,Online recurring,Yes,RP0018
G000992,M0168,2025-09-17,30.0,General,Online recurring,Yes,RP0047
G000414,M0076,2025-09-18,60.0,General,Online recurring,Yes,RP0020
G000163,M0030,2025-09-19,60.0,General,Online recurring,Yes,RP0008
G000626,M0104,2025-09-19,75.0,General,Online recurring,Yes,RP0030
G001031,M0174,2025-09-19,150.0,General,Online recurring,Yes,RP0049
G001242,M0215,2025-09-19,100.0,General,Online recurring,Yes,RP0057
G000514,M0084,2025-09-20,75.0,General,Online recurring,Yes,RP0025
G001141,M0190,2025-09-20,500.0,General,Online recurring,Yes,RP0053
G000905,M0133,2025-09-21,100.0,General,Online recurring,Yes,RP0043
G000101,M0021,2025-09-22,100.0,General,Online recurring,Yes,RP0004
G000271,M0057,2025-09-22,20.0,General,Online recurring,Yes,RP0012
G000449,M0079,2025-09-22,30.0,General,Online recurring,Yes,RP0022
G000572,M0095,2025-09-22,20.0,General,Online recurring,Yes,RP0028
G001276,M0216,2025-09-22,150.0,General,Online recurring,Yes,RP0058
G000466,M0080,2025-09-23,100.0,General,Online recurring,Yes,RP0023
G001119,M0189,2025-09-23,50.0,General,Online recurring,Yes,RP0052
G001183,M0207,2025-09-23,100.0,General,Online recurring,Yes,RP0055
G000765,M0118,2025-09-24,50.0,General,Online recurring,Yes,RP0037
G001058,M0175,2025-09-24,75.0,General,Online recurring,Yes,RP0050
G000851,M0125,2025-09-25,200.0,General,Online recurring,Yes,RP0040
G001353,M0223,2025-09-25,20.0,General,Online recurring,Yes,RP0062
G000540,M0085,2025-09-26,20.0,General,Online recurring,Yes,RP0026
G000824,M0124,2025-09-26,100.0,General,Online recurring,Yes,RP0039
G000486,M0083,2025-09-27,50.0,General,Online recurring,Yes,RP0024
G000868,M0126,2025-09-27,60.0,General,Online recurring,Yes,RP0041
G000142,M0026,2025-09-28,40.0,General,Online recurring,Yes,RP0007
G000294,M0061,2025-09-28,200.0,General,Online recurring,Yes,RP0014
G000435,M0077,2025-09-28,75.0,General,Online recurring,Yes,RP0021
G000656,M0107,2025-09-28,100.0,General,Online recurring,Yes,RP0031
G000688,M0112,2025-09-28,200.0,General,Online recurring,Yes,RP0033
G000745,M0116,2025-09-28,50.0,General,Online recurring,Yes,RP0036
G001316,M0218,2025-09-28,50.0,General,Online recurring,Yes,RP0060
G000183,M0031,2025-09-29,750.0,General,Online recurring,Yes,RP0009
G000123,M0023,2025-09-30,50.0,General,Online recurring,Yes,RP0005
G000015,M0002,2025-10-08,100.0,General,Online recurring,Yes,RP0001
G000047,M0004,2025-10-09,75.0,General,Online recurring,Yes,RP0002
G001297,M0217,2025-10-09,100.0,General,Online recurring,Yes,RP0059
G001400,M0235,2025-10-09,150.0,General,Online recurring,Yes,RP0064
G000668,M0111,2025-10-10,30.0,General,Online recurring,Yes,RP0032
G000315,M0067,2025-10-11,30.0,General,Online recurring,Yes,RP0015
G000068,M0010,2025-10-12,60.0,General,Online recurring,Yes,RP0003
G000719,M0115,2025-10-12,200.0,General,Online recurring,Yes,RP0035
G000777,M0119,2025-10-12,150.0,General,Online recurring,Yes,RP0038
G001374,M0229,2025-10-12,100.0,General,Online recurring,Yes,RP0063
G000975,M0160,2025-10-13,50.0,General,Online recurring,Yes,RP0046
G001202,M0208,2025-10-13,100.0,General,Online recurring,Yes,RP0056
G000203,M0033,2025-10-15,100.0,General,Online recurring,Yes,RP0010
G000583,M0097,2025-10-15,200.0,General,Online recurring,Yes,RP0029
G000938,M0153,2025-10-15,50.0,General,Online recurring,Yes,RP0044
G000956,M0155,2025-10-15,50.0,General,Online recurring,Yes,RP0045
G001097,M0188,2025-10-15,100.0,General,Online recurring,Yes,RP0051
G001330,M0222,2025-10-15,50.0,General,Online recurring,Yes,RP0061
G000347,M0070,2025-10-17,150.0,General,Online recurring,Yes,RP0017
G000375,M0071,2025-10-17,60.0,General,Online recurring,Yes,RP0018
G000991,M0168,2025-10-17,30.0,General,Online recurring,Yes,RP0047
G000413,M0076,2025-10-18,60.0,General,Online recurring,Yes,RP0020
G000162,M0030,2025-10-19,60.0,General,Online recurring,Yes,RP0008
G000625,M0104,2025-10-19,75.0,General,Online recurring,Yes,RP0030
G001030,M0174,2025-10-19,150.0,General,Online recurring,Yes,RP0049
G001241,M0215,2025-10-19,100.0,General,Online recurring,Yes,RP0057
G000513,M0084,2025-10-20,75.0,General,Online recurring,Yes,RP0025
G001140,M0190,2025-10-20,500.0,General,Online recurring,Yes,RP0053
G000904,M0133,2025-10-21,100.0,General,Online recurring,Yes,RP0043
G000100,M0021,2025-10-22,100.0,General,Online recurring,Yes,RP0004
G000270,M0057,2025-10-22,20.0,General,Online recurring,Yes,RP0012
G000448,M0079,2025-10-22,30.0,General,Online recurring,Yes,RP0022
G000571,M0095,2025-10-22,20.0,General,Online recurring,Yes,RP0028
G001275,M0216,2025-10-22,150.0,General,Online recurring,Yes,RP0058
G000465,M0080,2025-10-23,100.0,General,Online recurring,Yes,RP0023
G001118,M0189,2025-10-23,50.0,General,Online recurring,Yes,RP0052
G001182,M0207,2025-10-23,100.0,General,Online recurring,Yes,RP0055
G000764,M0118,2025-10-24,50.0,General,Online recurring,Yes,RP0037
G000889,M0130,2025-10-24,75.0,General,Online recurring,Yes,RP0042
G001057,M0175,2025-10-24,75.0,General,Online recurring,Yes,RP0050
G000850,M0125,2025-10-25,200.0,General,Online recurring,Yes,RP0040
G001352,M0223,2025-10-25,20.0,General,Online recurring,Yes,RP0062
G000539,M0085,2025-10-26,20.0,General,Online recurring,Yes,RP0026
G000823,M0124,2025-10-26,100.0,General,Online recurring,Yes,RP0039
G000485,M0083,2025-10-27,50.0,General,Online recurring,Yes,RP0024
G000867,M0126,2025-10-27,60.0,General,Online recurring,Yes,RP0041
G000141,M0026,2025-10-28,40.0,General,Online recurring,Yes,RP0007
G000293,M0061,2025-10-28,200.0,General,Online recurring,Yes,RP0014
G000434,M0077,2025-10-28,75.0,General,Online recurring,Yes,RP0021
G000655,M0107,2025-10-28,100.0,General,Online recurring,Yes,RP0031
G000687,M0112,2025-10-28,200.0,General,Online recurring,Yes,RP0033
G000744,M0116,2025-10-28,50.0,General,Online recurring,Yes,RP0036
G001315,M0218,2025-10-28,50.0,General,Online recurring,Yes,RP0060
G000182,M0031,2025-10-29,750.0,General,Online recurring,Yes,RP0009
G000122,M0023,2025-10-30,50.0,General,Online recurring,Yes,RP0005
G000254,M0049,2025-11-01,100.0,General,Online recurring,Yes,RP0011
G000808,M0121,2025-11-02,50.0,General,Text-to-give,No,
G000549,M0086,2025-11-07,65.0,General,Text-to-give,No,
G000014,M0002,2025-11-08,100.0,General,Online recurring,Yes,RP0001
G000046,M0004,2025-11-09,75.0,General,Online recurring,Yes,RP0002
G001296,M0217,2025-11-09,100.0,General,Online recurring,Yes,RP0059
G001399,M0235,2025-11-09,150.0,General,Online recurring,Yes,RP0064
G000667,M0111,2025-11-10,30.0,General,Online recurring,Yes,RP0032
G000314,M0067,2025-11-11,30.0,General,Online recurring,Yes,RP0015
G000067,M0010,2025-11-12,60.0,General,Online recurring,Yes,RP0003
G000718,M0115,2025-11-12,200.0,General,Online recurring,Yes,RP0035
G000776,M0119,2025-11-12,150.0,General,Online recurring,Yes,RP0038
G001373,M0229,2025-11-12,100.0,General,Online recurring,Yes,RP0063
G000974,M0160,2025-11-13,50.0,General,Online recurring,Yes,RP0046
G001201,M0208,2025-11-13,100.0,General,Online recurring,Yes,RP0056
G000202,M0033,2025-11-15,100.0,General,Online recurring,Yes,RP0010
G000582,M0097,2025-11-15,200.0,General,Online recurring,Yes,RP0029
G000937,M0153,2025-11-15,50.0,General,Online recurring,Yes,RP0044
G000955,M0155,2025-11-15,50.0,General,Online recurring,Yes,RP0045
G001096,M0188,2025-11-15,100.0,General,Online recurring,Yes,RP0051
G001329,M0222,2025-11-15,50.0,General,Online recurring,Yes,RP0061
G000346,M0070,2025-11-17,150.0,General,Online recurring,Yes,RP0017
G000374,M0071,2025-11-17,60.0,General,Online recurring,Yes,RP0018
G000990,M0168,2025-11-17,30.0,General,Online recurring,Yes,RP0047
G000412,M0076,2025-11-18,60.0,General,Online recurring,Yes,RP0020
G000161,M0030,2025-11-19,60.0,General,Online recurring,Yes,RP0008
G000624,M0104,2025-11-19,75.0,General,Online recurring,Yes,RP0030
G001029,M0174,2025-11-19,150.0,General,Online recurring,Yes,RP0049
G001240,M0215,2025-11-19,100.0,General,Online recurring,Yes,RP0057
G000512,M0084,2025-11-20,75.0,General,Online recurring,Yes,RP0025
G001139,M0190,2025-11-20,500.0,General,Online recurring,Yes,RP0053
G000903,M0133,2025-11-21,100.0,General,Online recurring,Yes,RP0043
G000099,M0021,2025-11-22,100.0,General,Online recurring,Yes,RP0004
G000269,M0057,2025-11-22,20.0,General,Online recurring,Yes,RP0012
G000447,M0079,2025-11-22,30.0,General,Online recurring,Yes,RP0022
G000570,M0095,2025-11-22,20.0,General,Online recurring,Yes,RP0028
G001274,M0216,2025-11-22,150.0,General,Online recurring,Yes,RP0058
G000464,M0080,2025-11-23,100.0,General,Online recurring,Yes,RP0023
G001117,M0189,2025-11-23,50.0,General,Online recurring,Yes,RP0052
G001181,M0207,2025-11-23,100.0,General,Online recurring,Yes,RP0055
G000763,M0118,2025-11-24,50.0,General,Online recurring,Yes,RP0037
G000888,M0130,2025-11-24,75.0,General,Online recurring,Yes,RP0042
G001056,M0175,2025-11-24,75.0,General,Online recurring,Yes,RP0050
G000849,M0125,2025-11-25,200.0,General,Online recurring,Yes,RP0040
G001351,M0223,2025-11-25,20.0,General,Online recurring,Yes,RP0062
G000538,M0085,2025-11-26,20.0,General,Online recurring,Yes,RP0026
G000704,M0113,2025-11-26,40.0,General,Text-to-give,No,
G000822,M0124,2025-11-26,100.0,General,Online recurring,Yes,RP0039
G001084,M0186,2025-11-26,60.0,General,Check,No,
G000231,M0035,2025-11-27,45.0,General,Text-to-give,No,
G000484,M0083,2025-11-27,50.0,General,Online recurring,Yes,RP0024
G000866,M0126,2025-11-27,60.0,General,Online recurring,Yes,RP0041
G001385,M0230,2025-11-27,60.0,General,Online one-time,No,
G000140,M0026,2025-11-28,40.0,General,Online recurring,Yes,RP0007
G000292,M0061,2025-11-28,200.0,General,Online recurring,Yes,RP0014
G000433,M0077,2025-11-28,75.0,General,Online recurring,Yes,RP0021
G000654,M0107,2025-11-28,100.0,General,Online recurring,Yes,RP0031
G000686,M0112,2025-11-28,200.0,General,Online recurring,Yes,RP0033
G000743,M0116,2025-11-28,50.0,General,Online recurring,Yes,RP0036
G001314,M0218,2025-11-28,50.0,General,Online recurring,Yes,RP0060
G000181,M0031,2025-11-29,750.0,General,Online recurring,Yes,RP0009
G000121,M0023,2025-11-30,50.0,General,Online recurring,Yes,RP0005
G000253,M0049,2025-12-01,100.0,General,Online recurring,Yes,RP0011
G000081,M0014,2025-12-02,50.0,General,Check,No,
G000013,M0002,2025-12-08,100.0,General,Online recurring,Yes,RP0001
G000045,M0004,2025-12-09,75.0,General,Online recurring,Yes,RP0002
G001295,M0217,2025-12-09,100.0,General,Online recurring,Yes,RP0059
G001398,M0235,2025-12-09,150.0,General,Online recurring,Yes,RP0064
G000666,M0111,2025-12-10,30.0,General,Online recurring,Yes,RP0032
G000313,M0067,2025-12-11,30.0,General,Online recurring,Yes,RP0015
G000066,M0010,2025-12-12,60.0,General,Online recurring,Yes,RP0003
G000717,M0115,2025-12-12,200.0,General,Online recurring,Yes,RP0035
G000775,M0119,2025-12-12,150.0,General,Online recurring,Yes,RP0038
G001372,M0229,2025-12-12,100.0,General,Online recurring,Yes,RP0063
G000643,M0106,2025-12-13,100.0,General,Check,No,
G000973,M0160,2025-12-13,50.0,General,Online recurring,Yes,RP0046
G001200,M0208,2025-12-13,100.0,General,Online recurring,Yes,RP0056
G000201,M0033,2025-12-15,100.0,General,Online recurring,Yes,RP0010
G000581,M0097,2025-12-15,200.0,General,Online recurring,Yes,RP0029
G000936,M0153,2025-12-15,50.0,General,Online recurring,Yes,RP0044
G000954,M0155,2025-12-15,50.0,General,Online recurring,Yes,RP0045
G001095,M0188,2025-12-15,100.0,General,Online recurring,Yes,RP0051
G001328,M0222,2025-12-15,50.0,General,Online recurring,Yes,RP0061
G000345,M0070,2025-12-17,150.0,General,Online recurring,Yes,RP0017
G000373,M0071,2025-12-17,60.0,General,Online recurring,Yes,RP0018
G000989,M0168,2025-12-17,30.0,General,Online recurring,Yes,RP0047
G000411,M0076,2025-12-18,60.0,General,Online recurring,Yes,RP0020
G000160,M0030,2025-12-19,60.0,General,Online recurring,Yes,RP0008
G000623,M0104,2025-12-19,75.0,General,Online recurring,Yes,RP0030
G000923,M0150,2025-12-19,100.0,General,Online one-time,No,
G001028,M0174,2025-12-19,150.0,General,Online recurring,Yes,RP0049
G001239,M0215,2025-12-19,100.0,General,Online recurring,Yes,RP0057
G000511,M0084,2025-12-20,75.0,General,Online recurring,Yes,RP0025
G001138,M0190,2025-12-20,500.0,General,Online recurring,Yes,RP0053
G000902,M0133,2025-12-21,100.0,General,Online recurring,Yes,RP0043
G000098,M0021,2025-12-22,100.0,General,Online recurring,Yes,RP0004
G000268,M0057,2025-12-22,20.0,General,Online recurring,Yes,RP0012
G000446,M0079,2025-12-22,30.0,General,Online recurring,Yes,RP0022
G000559,M0090,2025-12-22,60.0,General,Check,No,
G000569,M0095,2025-12-22,20.0,General,Online recurring,Yes,RP0028
G001273,M0216,2025-12-22,150.0,General,Online recurring,Yes,RP0058
G000463,M0080,2025-12-23,100.0,General,Online recurring,Yes,RP0023
G001116,M0189,2025-12-23,50.0,General,Online recurring,Yes,RP0052
G001180,M0207,2025-12-23,100.0,General,Online recurring,Yes,RP0055
G000762,M0118,2025-12-24,50.0,General,Online recurring,Yes,RP0037
G000887,M0130,2025-12-24,75.0,General,Online recurring,Yes,RP0042
G001055,M0175,2025-12-24,75.0,General,Online recurring,Yes,RP0050
G000848,M0125,2025-12-25,200.0,General,Online recurring,Yes,RP0040
G001350,M0223,2025-12-25,20.0,General,Online recurring,Yes,RP0062
G000333,M0068,2025-12-26,30.0,General,Online recurring,Yes,RP0016
G000537,M0085,2025-12-26,20.0,General,Online recurring,Yes,RP0026
G000821,M0124,2025-12-26,100.0,General,Online recurring,Yes,RP0039
G000483,M0083,2025-12-27,50.0,General,Online recurring,Yes,RP0024
G000865,M0126,2025-12-27,60.0,General,Online recurring,Yes,RP0041
G000139,M0026,2025-12-28,40.0,General,Online recurring,Yes,RP0007
G000291,M0061,2025-12-28,200.0,General,Online recurring,Yes,RP0014
G000432,M0077,2025-12-28,75.0,General,Online recurring,Yes,RP0021
G000653,M0107,2025-12-28,100.0,General,Online recurring,Yes,RP0031
G000685,M0112,2025-12-28,200.0,General,Online recurring,Yes,RP0033
G000742,M0116,2025-12-28,50.0,General,Online recurring,Yes,RP0036
G001313,M0218,2025-12-28,50.0,General,Online recurring,Yes,RP0060
G000180,M0031,2025-12-29,750.0,General,Online recurring,Yes,RP0009
G000120,M0023,2025-12-30,50.0,General,Online recurring,Yes,RP0005
G000252,M0049,2026-01-01,100.0,General,Online recurring,Yes,RP0011
G000012,M0002,2026-01-08,100.0,General,Online recurring,Yes,RP0001
G000044,M0004,2026-01-09,75.0,General,Online recurring,Yes,RP0002
G001294,M0217,2026-01-09,100.0,General,Online recurring,Yes,RP0059
G001397,M0235,2026-01-09,150.0,General,Online recurring,Yes,RP0064
G000665,M0111,2026-01-10,30.0,General,Online recurring,Yes,RP0032
G001070,M0176,2026-01-10,25.0,General,Text-to-give,No,
G000312,M0067,2026-01-11,30.0,General,Online recurring,Yes,RP0015
G000065,M0010,2026-01-12,60.0,General,Online recurring,Yes,RP0003
G000716,M0115,2026-01-12,200.0,General,Online recurring,Yes,RP0035
G000774,M0119,2026-01-12,150.0,General,Online recurring,Yes,RP0038
G001371,M0229,2026-01-12,100.0,General,Online recurring,Yes,RP0063
G000972,M0160,2026-01-13,50.0,General,Online recurring,Yes,RP0046
G001199,M0208,2026-01-13,100.0,General,Online recurring,Yes,RP0056
G000200,M0033,2026-01-15,100.0,General,Online recurring,Yes,RP0010
G000580,M0097,2026-01-15,200.0,General,Online recurring,Yes,RP0029
G000935,M0153,2026-01-15,50.0,General,Online recurring,Yes,RP0044
G000953,M0155,2026-01-15,50.0,General,Online recurring,Yes,RP0045
G001094,M0188,2026-01-15,100.0,General,Online recurring,Yes,RP0051
G001327,M0222,2026-01-15,50.0,General,Online recurring,Yes,RP0061
G000344,M0070,2026-01-17,150.0,General,Online recurring,Yes,RP0017
G000372,M0071,2026-01-17,60.0,General,Online recurring,Yes,RP0018
G000988,M0168,2026-01-17,30.0,General,Online recurring,Yes,RP0047
G000402,M0074,2026-01-18,80.0,General,Online one-time,No,
G000410,M0076,2026-01-18,60.0,General,Online recurring,Yes,RP0020
G000159,M0030,2026-01-19,60.0,General,Online recurring,Yes,RP0008
G000622,M0104,2026-01-19,75.0,General,Online recurring,Yes,RP0030
G001027,M0174,2026-01-19,150.0,General,Online recurring,Yes,RP0049
G001238,M0215,2026-01-19,100.0,General,Online recurring,Yes,RP0057
G000510,M0084,2026-01-20,75.0,General,Online recurring,Yes,RP0025
G001137,M0190,2026-01-20,500.0,General,Online recurring,Yes,RP0053
G000901,M0133,2026-01-21,100.0,General,Online recurring,Yes,RP0043
G000097,M0021,2026-01-22,100.0,General,Online recurring,Yes,RP0004
G000267,M0057,2026-01-22,20.0,General,Online recurring,Yes,RP0012
G000445,M0079,2026-01-22,30.0,General,Online recurring,Yes,RP0022
G000568,M0095,2026-01-22,20.0,General,Online recurring,Yes,RP0028
G001272,M0216,2026-01-22,150.0,General,Online recurring,Yes,RP0058
G000462,M0080,2026-01-23,100.0,General,Online recurring,Yes,RP0023
G001115,M0189,2026-01-23,50.0,General,Online recurring,Yes,RP0052
G001179,M0207,2026-01-23,100.0,General,Online recurring,Yes,RP0055
G000234,M0036,2026-01-24,45.0,General,Check,No,
G000761,M0118,2026-01-24,50.0,General,Online recurring,Yes,RP0037
G000886,M0130,2026-01-24,75.0,General,Online recurring,Yes,RP0042
G001054,M0175,2026-01-24,75.0,General,Online recurring,Yes,RP0050
G000847,M0125,2026-01-25,200.0,General,Online recurring,Yes,RP0040
G001349,M0223,2026-01-25,20.0,General,Online recurring,Yes,RP0062
G000332,M0068,2026-01-26,30.0,General,Online recurring,Yes,RP0016
G000536,M0085,2026-01-26,20.0,General,Online recurring,Yes,RP0026
G000820,M0124,2026-01-26,100.0,General,Online recurring,Yes,RP0039
G000482,M0083,2026-01-27,50.0,General,Online recurring,Yes,RP0024
G000864,M0126,2026-01-27,60.0,General,Online recurring,Yes,RP0041
G000138,M0026,2026-01-28,40.0,General,Online recurring,Yes,RP0007
G000290,M0061,2026-01-28,200.0,General,Online recurring,Yes,RP0014
G000431,M0077,2026-01-28,75.0,General,Online recurring,Yes,RP0021
G000652,M0107,2026-01-28,100.0,General,Online recurring,Yes,RP0031
G000684,M0112,2026-01-28,200.0,General,Online recurring,Yes,RP0033
G000741,M0116,2026-01-28,50.0,General,Online recurring,Yes,RP0036
G001312,M0218,2026-01-28,50.0,General,Online recurring,Yes,RP0060
G000179,M0031,2026-01-29,750.0,General,Online recurring,Yes,RP0009
G000119,M0023,2026-01-30,50.0,General,Online recurring,Yes,RP0005
G000281,M0060,2026-01-30,80.0,General,Check,No,
G000807,M0121,2026-01-31,45.0,General,Text-to-give,No,
G000251,M0049,2026-02-01,100.0,General,Online recurring,Yes,RP0011
G001073,M0177,2026-02-02,55.0,General,Online one-time,No,
G001361,M0226,2026-02-02,55.0,General,Online one-time,No,
G000035,M0003,2026-02-03,45.0,General,Check,No,
G000150,M0027,2026-02-03,50.0,Camp Scholarship,Online one-time,No,
G001230,M0213,2026-02-03,25.0,Camp Scholarship,Online one-time,No,
G000057,M0008,2026-02-04,80.0,General,Online one-time,No,
G000918,M0143,2026-02-04,80.0,General,Check,No,
G001170,M0206,2026-02-04,25.0,Camp Scholarship,Online one-time,No,
G000613,M0103,2026-02-05,55.0,General,Check,No,
G000011,M0002,2026-02-08,100.0,General,Online recurring,Yes,RP0001
G000043,M0004,2026-02-09,75.0,General,Online recurring,Yes,RP0002
G001293,M0217,2026-02-09,100.0,General,Online recurring,Yes,RP0059
G001396,M0235,2026-02-09,150.0,General,Online recurring,Yes,RP0064
G000664,M0111,2026-02-10,30.0,General,Online recurring,Yes,RP0032
G000311,M0067,2026-02-11,30.0,General,Online recurring,Yes,RP0015
G000064,M0010,2026-02-12,60.0,General,Online recurring,Yes,RP0003
G000238,M0039,2026-02-12,70.0,General,Online one-time,No,
G000715,M0115,2026-02-12,200.0,General,Online recurring,Yes,RP0035
G000773,M0119,2026-02-12,150.0,General,Online recurring,Yes,RP0038
G001370,M0229,2026-02-12,100.0,General,Online recurring,Yes,RP0063
G000971,M0160,2026-02-13,50.0,General,Online recurring,Yes,RP0046
G001019,M0173,2026-02-13,55.0,General,Check,No,
G001198,M0208,2026-02-13,100.0,General,Online recurring,Yes,RP0056
G000398,M0073,2026-02-14,75.0,General,Online one-time,No,
G000642,M0106,2026-02-14,125.0,General,Check,No,
G000199,M0033,2026-02-15,100.0,General,Online recurring,Yes,RP0010
G000579,M0097,2026-02-15,200.0,General,Online recurring,Yes,RP0029
G000934,M0153,2026-02-15,50.0,General,Online recurring,Yes,RP0044
G000952,M0155,2026-02-15,50.0,General,Online recurring,Yes,RP0045
G001093,M0188,2026-02-15,100.0,General,Online recurring,Yes,RP0051
G001326,M0222,2026-02-15,50.0,General,Online recurring,Yes,RP0061
G000242,M0044,2026-02-16,65.0,General,Online one-time,No,
G000343,M0070,2026-02-17,150.0,General,Online recurring,Yes,RP0017
G000371,M0071,2026-02-17,60.0,General,Online recurring,Yes,RP0018
G000987,M0168,2026-02-17,30.0,General,Online recurring,Yes,RP0047
G000409,M0076,2026-02-18,60.0,General,Online recurring,Yes,RP0020
G000158,M0030,2026-02-19,60.0,General,Online recurring,Yes,RP0008
G000621,M0104,2026-02-19,75.0,General,Online recurring,Yes,RP0030
G000922,M0150,2026-02-19,115.0,General,Text-to-give,No,
G001026,M0174,2026-02-19,150.0,General,Online recurring,Yes,RP0049
G001237,M0215,2026-02-19,100.0,General,Online recurring,Yes,RP0057
G000509,M0084,2026-02-20,75.0,General,Online recurring,Yes,RP0025
G001136,M0190,2026-02-20,500.0,General,Online recurring,Yes,RP0053
G000703,M0113,2026-02-21,70.0,General,Check,No,
G000892,M0132,2026-02-21,45.0,General,Text-to-give,No,
G000900,M0133,2026-02-21,100.0,General,Online recurring,Yes,RP0043
G000096,M0021,2026-02-22,100.0,General,Online recurring,Yes,RP0004
G000266,M0057,2026-02-22,20.0,General,Online recurring,Yes,RP0012
G000444,M0079,2026-02-22,30.0,General,Online recurring,Yes,RP0022
G000567,M0095,2026-02-22,20.0,General,Online recurring,Yes,RP0028
G001271,M0216,2026-02-22,150.0,General,Online recurring,Yes,RP0058
G001384,M0230,2026-02-22,70.0,General,Check,No,
G000461,M0080,2026-02-23,100.0,General,Online recurring,Yes,RP0023
G001114,M0189,2026-02-23,50.0,General,Online recurring,Yes,RP0052
G001178,M0207,2026-02-23,100.0,General,Online recurring,Yes,RP0055
G000760,M0118,2026-02-24,50.0,General,Online recurring,Yes,RP0037
G000885,M0130,2026-02-24,75.0,General,Online recurring,Yes,RP0042
G001053,M0175,2026-02-24,75.0,General,Online recurring,Yes,RP0050
G000846,M0125,2026-02-25,200.0,General,Online recurring,Yes,RP0040
G001083,M0186,2026-02-25,65.0,General,Check,No,
G001348,M0223,2026-02-25,20.0,General,Online recurring,Yes,RP0062
G000331,M0068,2026-02-26,30.0,General,Online recurring,Yes,RP0016
G000535,M0085,2026-02-26,20.0,General,Online recurring,Yes,RP0026
G000819,M0124,2026-02-26,100.0,General,Online recurring,Yes,RP0039
G000481,M0083,2026-02-27,50.0,General,Online recurring,Yes,RP0024
G000863,M0126,2026-02-27,60.0,General,Online recurring,Yes,RP0041
G000118,M0023,2026-02-28,50.0,General,Online recurring,Yes,RP0005
G000137,M0026,2026-02-28,40.0,General,Online recurring,Yes,RP0007
G000178,M0031,2026-02-28,750.0,General,Online recurring,Yes,RP0009
G000230,M0035,2026-02-28,45.0,General,Online one-time,No,
G000289,M0061,2026-02-28,200.0,General,Online recurring,Yes,RP0014
G000430,M0077,2026-02-28,75.0,General,Online recurring,Yes,RP0021
G000651,M0107,2026-02-28,100.0,General,Online recurring,Yes,RP0031
G000683,M0112,2026-02-28,200.0,General,Online recurring,Yes,RP0033
G000740,M0116,2026-02-28,50.0,General,Online recurring,Yes,RP0036
G001311,M0218,2026-02-28,50.0,General,Online recurring,Yes,RP0060
G000250,M0049,2026-03-01,100.0,General,Online recurring,Yes,RP0011
G001009,M0170,2026-03-01,55.0,General,Text-to-give,No,
G000548,M0086,2026-03-02,75.0,General,Check,No,
G000010,M0002,2026-03-08,100.0,General,Online recurring,Yes,RP0001
G000042,M0004,2026-03-09,75.0,General,Online recurring,Yes,RP0002
G000877,M0128,2026-03-09,75.0,General,Online one-time,No,
G001292,M0217,2026-03-09,100.0,General,Online recurring,Yes,RP0059
G001395,M0235,2026-03-09,150.0,General,Online recurring,Yes,RP0064
G000663,M0111,2026-03-10,30.0,General,Online recurring,Yes,RP0032
G000310,M0067,2026-03-11,30.0,General,Online recurring,Yes,RP0015
G000063,M0010,2026-03-12,60.0,General,Online recurring,Yes,RP0003
G000714,M0115,2026-03-12,200.0,General,Online recurring,Yes,RP0035
G000772,M0119,2026-03-12,150.0,General,Online recurring,Yes,RP0038
G001369,M0229,2026-03-12,100.0,General,Online recurring,Yes,RP0063
G000080,M0014,2026-03-13,70.0,General,Online one-time,No,
G000926,M0151,2026-03-13,65.0,General,Text-to-give,No,
G000970,M0160,2026-03-13,50.0,General,Online recurring,Yes,RP0046
G001197,M0208,2026-03-13,100.0,General,Online recurring,Yes,RP0056
G000053,M0006,2026-03-14,45.0,General,Online one-time,No,
G000914,M0140,2026-03-14,65.0,General,Online one-time,No,
G000198,M0033,2026-03-15,100.0,General,Online recurring,Yes,RP0010
G000578,M0097,2026-03-15,200.0,General,Online recurring,Yes,RP0029
G000933,M0153,2026-03-15,50.0,General,Online recurring,Yes,RP0044
G000951,M0155,2026-03-15,50.0,General,Online recurring,Yes,RP0045
G001092,M0188,2026-03-15,100.0,General,Online recurring,Yes,RP0051
G001325,M0222,2026-03-15,50.0,General,Online recurring,Yes,RP0061
G000342,M0070,2026-03-17,150.0,General,Online recurring,Yes,RP0017
G000370,M0071,2026-03-17,60.0,General,Online recurring,Yes,RP0018
G000986,M0168,2026-03-17,30.0,General,Online recurring,Yes,RP0047
G000408,M0076,2026-03-18,60.0,General,Online recurring,Yes,RP0020
G000157,M0030,2026-03-19,60.0,General,Online recurring,Yes,RP0008
G000620,M0104,2026-03-19,75.0,General,Online recurring,Yes,RP0030
G001025,M0174,2026-03-19,150.0,General,Online recurring,Yes,RP0049
G001236,M0215,2026-03-19,100.0,General,Online recurring,Yes,RP0057
G000508,M0084,2026-03-20,75.0,General,Online recurring,Yes,RP0025
G001135,M0190,2026-03-20,500.0,General,Online recurring,Yes,RP0053
G000899,M0133,2026-03-21,100.0,General,Online recurring,Yes,RP0043
G001080,M0183,2026-03-21,85.0,General,Check,No,
G000004,M0001,2026-03-22,85.0,General,Check,No,
G000095,M0021,2026-03-22,100.0,General,Online recurring,Yes,RP0004
G000265,M0057,2026-03-22,20.0,General,Online recurring,Yes,RP0012
G000443,M0079,2026-03-22,30.0,General,Online recurring,Yes,RP0022
G000566,M0095,2026-03-22,20.0,General,Online recurring,Yes,RP0028
G001270,M0216,2026-03-22,150.0,General,Online recurring,Yes,RP0058
G001389,M0234,2026-03-22,90.0,General,Text-to-give,No,
G000280,M0060,2026-03-23,80.0,General,Check,No,
G000460,M0080,2026-03-23,100.0,General,Online recurring,Yes,RP0023
G001113,M0189,2026-03-23,50.0,General,Online recurring,Yes,RP0052
G001177,M0207,2026-03-23,100.0,General,Online recurring,Yes,RP0055
G000556,M0089,2026-03-24,20.0,General,Online recurring,Yes,RP0027
G000759,M0118,2026-03-24,50.0,General,Online recurring,Yes,RP0037
G000884,M0130,2026-03-24,75.0,General,Online recurring,Yes,RP0042
G001052,M0175,2026-03-24,75.0,General,Online recurring,Yes,RP0050
G000845,M0125,2026-03-25,200.0,General,Online recurring,Yes,RP0040
G001347,M0223,2026-03-25,20.0,General,Online recurring,Yes,RP0062
G000330,M0068,2026-03-26,30.0,General,Online recurring,Yes,RP0016
G000534,M0085,2026-03-26,20.0,General,Online recurring,Yes,RP0026
G000818,M0124,2026-03-26,100.0,General,Online recurring,Yes,RP0039
G000259,M0056,2026-03-27,85.0,General,Online one-time,No,
G000480,M0083,2026-03-27,50.0,General,Online recurring,Yes,RP0024
G000862,M0126,2026-03-27,60.0,General,Online recurring,Yes,RP0041
G000136,M0026,2026-03-28,40.0,General,Online recurring,Yes,RP0007
G000288,M0061,2026-03-28,200.0,General,Online recurring,Yes,RP0014
G000429,M0077,2026-03-28,75.0,General,Online recurring,Yes,RP0021
G000650,M0107,2026-03-28,100.0,General,Online recurring,Yes,RP0031
G000682,M0112,2026-03-28,200.0,General,Online recurring,Yes,RP0033
G000739,M0116,2026-03-28,50.0,General,Online recurring,Yes,RP0036
G001310,M0218,2026-03-28,50.0,General,Online recurring,Yes,RP0060
G000177,M0031,2026-03-29,750.0,General,Online recurring,Yes,RP0009
G000088,M0018,2026-03-30,75.0,General,Online one-time,No,
G000117,M0023,2026-03-30,50.0,General,Online recurring,Yes,RP0005
G001016,M0171,2026-03-30,75.0,General,Online recurring,Yes,RP0048
G000336,M0069,2026-03-31,55.0,General,Online one-time,No,
G000249,M0049,2026-04-01,100.0,General,Online recurring,Yes,RP0011
G000401,M0074,2026-04-01,65.0,General,Online one-time,No,
G001427,M0239,2026-04-02,25.0,General,Online one-time,No,
G001229,M0213,2026-04-07,25.0,Camp Scholarship,Online one-time,No,
G000009,M0002,2026-04-08,100.0,General,Online recurring,Yes,RP0001
G000149,M0027,2026-04-08,25.0,Camp Scholarship,Online one-time,No,
G001169,M0206,2026-04-08,25.0,Camp Scholarship,Text-to-give,No,
G000041,M0004,2026-04-09,75.0,General,Online recurring,Yes,RP0002
G000558,M0090,2026-04-09,80.0,General,Online one-time,No,
G001291,M0217,2026-04-09,100.0,General,Online recurring,Yes,RP0059
G001394,M0235,2026-04-09,150.0,General,Online recurring,Yes,RP0064
G000662,M0111,2026-04-10,30.0,General,Online recurring,Yes,RP0032
G000309,M0067,2026-04-11,30.0,General,Online recurring,Yes,RP0015
G000641,M0106,2026-04-11,120.0,General,Online one-time,No,
G000034,M0003,2026-04-12,55.0,General,Check,No,
G000062,M0010,2026-04-12,60.0,General,Online recurring,Yes,RP0003
G000713,M0115,2026-04-12,200.0,General,Online recurring,Yes,RP0035
G000771,M0119,2026-04-12,150.0,General,Online recurring,Yes,RP0038
G001368,M0229,2026-04-12,100.0,General,Online recurring,Yes,RP0063
G000917,M0143,2026-04-13,45.0,General,Text-to-give,No,
G000969,M0160,2026-04-13,50.0,General,Online recurring,Yes,RP0046
G001076,M0178,2026-04-13,55.0,General,Online one-time,No,
G001160,M0198,2026-04-13,55.0,General,Text-to-give,No,
G001196,M0208,2026-04-13,100.0,General,Online recurring,Yes,RP0056
G000056,M0008,2026-04-14,60.0,General,Text-to-give,No,
G000612,M0103,2026-04-14,55.0,General,Online one-time,No,
G000197,M0033,2026-04-15,100.0,General,Online recurring,Yes,RP0010
G000577,M0097,2026-04-15,200.0,General,Online recurring,Yes,RP0029
G000932,M0153,2026-04-15,50.0,General,Online recurring,Yes,RP0044
G000950,M0155,2026-04-15,50.0,General,Online recurring,Yes,RP0045
G001091,M0188,2026-04-15,100.0,General,Online recurring,Yes,RP0051
G001324,M0222,2026-04-15,50.0,General,Online recurring,Yes,RP0061
G000341,M0070,2026-04-17,150.0,General,Online recurring,Yes,RP0017
G000369,M0071,2026-04-17,60.0,General,Online recurring,Yes,RP0018
G000985,M0168,2026-04-17,30.0,General,Online recurring,Yes,RP0047
G000407,M0076,2026-04-18,60.0,General,Online recurring,Yes,RP0020
G001018,M0173,2026-04-18,60.0,General,Text-to-give,No,
G000156,M0030,2026-04-19,60.0,General,Online recurring,Yes,RP0008
G000619,M0104,2026-04-19,75.0,General,Online recurring,Yes,RP0030
G001024,M0174,2026-04-19,150.0,General,Online recurring,Yes,RP0049
G001235,M0215,2026-04-19,100.0,General,Online recurring,Yes,RP0057
G000507,M0084,2026-04-20,75.0,General,Online recurring,Yes,RP0025
G001134,M0190,2026-04-20,500.0,General,Online recurring,Yes,RP0053
G000084,M0015,2026-04-21,45.0,General,Check,No,
G000898,M0133,2026-04-21,100.0,General,Online recurring,Yes,RP0043
G000094,M0021,2026-04-22,100.0,General,Online recurring,Yes,RP0004
G000264,M0057,2026-04-22,20.0,General,Online recurring,Yes,RP0012
G000394,M0072,2026-04-22,75.0,General,Online recurring,Yes,RP0019
G000442,M0079,2026-04-22,30.0,General,Online recurring,Yes,RP0022
G000565,M0095,2026-04-22,20.0,General,Online recurring,Yes,RP0028
G000921,M0150,2026-04-22,95.0,General,Online one-time,No,
G001269,M0216,2026-04-22,150.0,General,Online recurring,Yes,RP0058
G000459,M0080,2026-04-23,100.0,General,Online recurring,Yes,RP0023
G001112,M0189,2026-04-23,50.0,General,Online recurring,Yes,RP0052
G001176,M0207,2026-04-23,100.0,General,Online recurring,Yes,RP0055
G000555,M0089,2026-04-24,20.0,General,Online recurring,Yes,RP0027
G000758,M0118,2026-04-24,50.0,General,Online recurring,Yes,RP0037
G000806,M0121,2026-04-24,55.0,General,Check,No,
G000883,M0130,2026-04-24,75.0,General,Online recurring,Yes,RP0042
G001051,M0175,2026-04-24,75.0,General,Online recurring,Yes,RP0050
G000844,M0125,2026-04-25,200.0,General,Online recurring,Yes,RP0040
G001346,M0223,2026-04-25,20.0,General,Online recurring,Yes,RP0062
G000329,M0068,2026-04-26,30.0,General,Online recurring,Yes,RP0016
G000533,M0085,2026-04-26,20.0,General,Online recurring,Yes,RP0026
G000817,M0124,2026-04-26,100.0,General,Online recurring,Yes,RP0039
G000237,M0039,2026-04-27,55.0,General,Online one-time,No,
G000479,M0083,2026-04-27,50.0,General,Online recurring,Yes,RP0024
G000861,M0126,2026-04-27,60.0,General,Online recurring,Yes,RP0041
G000135,M0026,2026-04-28,40.0,General,Online recurring,Yes,RP0007
G000287,M0061,2026-04-28,200.0,General,Online recurring,Yes,RP0014
G000428,M0077,2026-04-28,75.0,General,Online recurring,Yes,RP0021
G000649,M0107,2026-04-28,100.0,General,Online recurring,Yes,RP0031
G000681,M0112,2026-04-28,200.0,General,Online recurring,Yes,RP0033
G000738,M0116,2026-04-28,50.0,General,Online recurring,Yes,RP0036
G001309,M0218,2026-04-28,50.0,General,Online recurring,Yes,RP0060
G000176,M0031,2026-04-29,750.0,General,Online recurring,Yes,RP0009
G000116,M0023,2026-04-30,50.0,General,Online recurring,Yes,RP0005
G001015,M0171,2026-04-30,75.0,General,Online recurring,Yes,RP0048
G000248,M0049,2026-05-01,100.0,General,Online recurring,Yes,RP0011
G000397,M0073,2026-05-01,90.0,General,Online one-time,No,
G001072,M0177,2026-05-01,50.0,General,Online one-time,No,
G000241,M0044,2026-05-02,95.0,General,Check,No,
G001008,M0170,2026-05-02,60.0,General,Check,No,
G000876,M0128,2026-05-05,70.0,General,Online one-time,No,
G001360,M0226,2026-05-05,40.0,General,Check,No,
G000008,M0002,2026-05-08,100.0,General,Online recurring,Yes,RP0001
G000040,M0004,2026-05-09,75.0,General,Online recurring,Yes,RP0002
G001290,M0217,2026-05-09,100.0,General,Online recurring,Yes,RP0059
G001393,M0235,2026-05-09,150.0,General,Online recurring,Yes,RP0064
G000661,M0111,2026-05-10,30.0,General,Online recurring,Yes,RP0032
G000129,M0025,2026-05-11,20.0,General,Online recurring,Yes,RP0006
G000279,M0060,2026-05-11,60.0,General,Text-to-give,No,
G000308,M0067,2026-05-11,30.0,General,Online recurring,Yes,RP0015
G000061,M0010,2026-05-12,60.0,General,Online recurring,Yes,RP0003
G000233,M0036,2026-05-12,45.0,General,Check,No,
G000712,M0115,2026-05-12,200.0,General,Online recurring,Yes,RP0035
G000770,M0119,2026-05-12,150.0,General,Online recurring,Yes,RP0038
G001079,M0183,2026-05-12,75.0,General,Online one-time,No,
G001367,M0229,2026-05-12,100.0,General,Online recurring,Yes,RP0063
G000968,M0160,2026-05-13,50.0,General,Online recurring,Yes,RP0046
G001195,M0208,2026-05-13,100.0,General,Online recurring,Yes,RP0056
G000196,M0033,2026-05-15,100.0,General,Online recurring,Yes,RP0010
G000576,M0097,2026-05-15,200.0,General,Online recurring,Yes,RP0029
G000931,M0153,2026-05-15,50.0,General,Online recurring,Yes,RP0044
G000949,M0155,2026-05-15,50.0,General,Online recurring,Yes,RP0045
G001090,M0188,2026-05-15,100.0,General,Online recurring,Yes,RP0051
G001323,M0222,2026-05-15,50.0,General,Online recurring,Yes,RP0061
G000003,M0001,2026-05-16,100.0,General,Online one-time,No,
G001388,M0234,2026-05-16,60.0,General,Check,No,
G000340,M0070,2026-05-17,150.0,General,Online recurring,Yes,RP0017
G000368,M0071,2026-05-17,60.0,General,Online recurring,Yes,RP0018
G000984,M0168,2026-05-17,30.0,General,Online recurring,Yes,RP0047
G000406,M0076,2026-05-18,60.0,General,Online recurring,Yes,RP0020
G000155,M0030,2026-05-19,60.0,General,Online recurring,Yes,RP0008
G000618,M0104,2026-05-19,75.0,General,Online recurring,Yes,RP0030
G000891,M0132,2026-05-19,65.0,General,Online one-time,No,
G001023,M0174,2026-05-19,150.0,General,Online recurring,Yes,RP0049
G001234,M0215,2026-05-19,100.0,General,Online recurring,Yes,RP0057
G000506,M0084,2026-05-20,75.0,General,Online recurring,Yes,RP0025
G001133,M0190,2026-05-20,500.0,General,Online recurring,Yes,RP0053
G000897,M0133,2026-05-21,100.0,General,Online recurring,Yes,RP0043
G000093,M0021,2026-05-22,100.0,General,Online recurring,Yes,RP0004
G000263,M0057,2026-05-22,20.0,General,Online recurring,Yes,RP0012
G000393,M0072,2026-05-22,75.0,General,Online recurring,Yes,RP0019
G000441,M0079,2026-05-22,30.0,General,Online recurring,Yes,RP0022
G000564,M0095,2026-05-22,20.0,General,Online recurring,Yes,RP0028
G001268,M0216,2026-05-22,150.0,General,Online recurring,Yes,RP0058
G000276,M0058,2026-05-23,100.0,General,Online recurring,Yes,RP0013
G000458,M0080,2026-05-23,100.0,General,Online recurring,Yes,RP0023
G001111,M0189,2026-05-23,50.0,General,Online recurring,Yes,RP0052
G001175,M0207,2026-05-23,100.0,General,Online recurring,Yes,RP0055
G000554,M0089,2026-05-24,20.0,General,Online recurring,Yes,RP0027
G000757,M0118,2026-05-24,50.0,General,Online recurring,Yes,RP0037
G000882,M0130,2026-05-24,75.0,General,Online recurring,Yes,RP0042
G001050,M0175,2026-05-24,75.0,General,Online recurring,Yes,RP0050
G001082,M0186,2026-05-24,40.0,General,Text-to-give,No,
G000843,M0125,2026-05-25,200.0,General,Online recurring,Yes,RP0040
G001345,M0223,2026-05-25,20.0,General,Online recurring,Yes,RP0062
G000328,M0068,2026-05-26,30.0,General,Online recurring,Yes,RP0016
G000532,M0085,2026-05-26,20.0,General,Online recurring,Yes,RP0026
G000702,M0113,2026-05-26,65.0,General,Check,No,
G000816,M0124,2026-05-26,100.0,General,Online recurring,Yes,RP0039
G001157,M0196,2026-05-26,70.0,General,Online one-time,No,
G001166,M0203,2026-05-26,50.0,General,Online recurring,Yes,RP0054
G001383,M0230,2026-05-26,55.0,General,Check,No,
G000478,M0083,2026-05-27,50.0,General,Online recurring,Yes,RP0024
G000860,M0126,2026-05-27,60.0,General,Online recurring,Yes,RP0041
G000134,M0026,2026-05-28,40.0,General,Online recurring,Yes,RP0007
G000229,M0035,2026-05-28,55.0,General,Check,No,
G000286,M0061,2026-05-28,200.0,General,Online recurring,Yes,RP0014
G000427,M0077,2026-05-28,75.0,General,Online recurring,Yes,RP0021
G000648,M0107,2026-05-28,100.0,General,Online recurring,Yes,RP0031
G000680,M0112,2026-05-28,200.0,General,Online recurring,Yes,RP0033
G000737,M0116,2026-05-28,50.0,General,Online recurring,Yes,RP0036
G001308,M0218,2026-05-28,50.0,General,Online recurring,Yes,RP0060
G000175,M0031,2026-05-29,750.0,General,Online recurring,Yes,RP0009
G000115,M0023,2026-05-30,50.0,General,Online recurring,Yes,RP0005
G000256,M0051,2026-05-30,55.0,General,Check,No,
G001014,M0171,2026-05-30,75.0,General,Online recurring,Yes,RP0048
G000247,M0049,2026-06-01,100.0,General,Online recurring,Yes,RP0011
G000913,M0140,2026-06-01,75.0,General,Online one-time,No,
G000911,M0134,2026-06-02,100.0,General,Check,No,
G000052,M0006,2026-06-03,55.0,General,Online one-time,No,
G000400,M0074,2026-06-05,40.0,General,Online one-time,No,
G000007,M0002,2026-06-08,100.0,General,Online recurring,Yes,RP0001
G000039,M0004,2026-06-09,75.0,General,Online recurring,Yes,RP0002
G001289,M0217,2026-06-09,100.0,General,Online recurring,Yes,RP0059
G001392,M0235,2026-06-09,150.0,General,Online recurring,Yes,RP0064
G000660,M0111,2026-06-10,30.0,General,Online recurring,Yes,RP0032
G000128,M0025,2026-06-11,20.0,General,Online recurring,Yes,RP0006
G000307,M0067,2026-06-11,30.0,General,Online recurring,Yes,RP0015
G000060,M0010,2026-06-12,60.0,General,Online recurring,Yes,RP0003
G000640,M0106,2026-06-12,105.0,General,Check,No,
G000711,M0115,2026-06-12,200.0,General,Online recurring,Yes,RP0035
G000769,M0119,2026-06-12,150.0,General,Online recurring,Yes,RP0038
G001366,M0229,2026-06-12,100.0,General,Online recurring,Yes,RP0063
G000967,M0160,2026-06-13,50.0,General,Online recurring,Yes,RP0046
G001194,M0208,2026-06-13,100.0,General,Online recurring,Yes,RP0056
G000083,M0015,2026-06-15,65.0,General,Text-to-give,No,
G000195,M0033,2026-06-15,100.0,General,Online recurring,Yes,RP0010
G000575,M0097,2026-06-15,200.0,General,Online recurring,Yes,RP0029
G000930,M0153,2026-06-15,50.0,General,Online recurring,Yes,RP0044
G000948,M0155,2026-06-15,50.0,General,Online recurring,Yes,RP0045
G001089,M0188,2026-06-15,100.0,General,Online recurring,Yes,RP0051
G001322,M0222,2026-06-15,50.0,General,Online recurring,Yes,RP0061
G000258,M0056,2026-06-16,70.0,General,Check,No,
G000920,M0150,2026-06-16,100.0,General,Text-to-give,No,
G000335,M0069,2026-06-17,50.0,General,Online one-time,No,
G000339,M0070,2026-06-17,150.0,General,Online recurring,Yes,RP0017
G000367,M0071,2026-06-17,60.0,General,Online recurring,Yes,RP0018
G000925,M0151,2026-06-17,55.0,General,Text-to-give,No,
G000983,M0168,2026-06-17,30.0,General,Online recurring,Yes,RP0047
G000405,M0076,2026-06-18,60.0,General,Online recurring,Yes,RP0020
G000154,M0030,2026-06-19,60.0,General,Online recurring,Yes,RP0008
G000617,M0104,2026-06-19,75.0,General,Online recurring,Yes,RP0030
G001022,M0174,2026-06-19,150.0,General,Online recurring,Yes,RP0049
G001233,M0215,2026-06-19,100.0,General,Online recurring,Yes,RP0057
G000087,M0018,2026-06-20,55.0,General,Text-to-give,No,
G000505,M0084,2026-06-20,75.0,General,Online recurring,Yes,RP0025
G000611,M0103,2026-06-20,65.0,General,Check,No,
G001017,M0173,2026-06-20,80.0,General,Check,No,
G001075,M0178,2026-06-20,65.0,General,Check,No,
G001132,M0190,2026-06-20,500.0,General,Online recurring,Yes,RP0053
G000079,M0014,2026-06-21,65.0,General,Check,No,
G000148,M0027,2026-06-21,25.0,Camp Scholarship,Text-to-give,No,
G000896,M0133,2026-06-21,100.0,General,Online recurring,Yes,RP0043
G001159,M0198,2026-06-21,80.0,General,Online one-time,No,
G001168,M0206,2026-06-21,50.0,Camp Scholarship,Online one-time,No,
G000092,M0021,2026-06-22,100.0,General,Online recurring,Yes,RP0004
G000262,M0057,2026-06-22,20.0,General,Online recurring,Yes,RP0012
G000392,M0072,2026-06-22,75.0,General,Online recurring,Yes,RP0019
G000440,M0079,2026-06-22,30.0,General,Online recurring,Yes,RP0022
G000563,M0095,2026-06-22,20.0,General,Online recurring,Yes,RP0028
G001267,M0216,2026-06-22,150.0,General,Online recurring,Yes,RP0058
G000275,M0058,2026-06-23,100.0,General,Online recurring,Yes,RP0013
G000457,M0080,2026-06-23,100.0,General,Online recurring,Yes,RP0023
G001110,M0189,2026-06-23,50.0,General,Online recurring,Yes,RP0052
G001174,M0207,2026-06-23,100.0,General,Online recurring,Yes,RP0055
G001228,M0213,2026-06-23,25.0,Camp Scholarship,Text-to-give,No,
G000033,M0003,2026-06-24,45.0,General,Online one-time,No,
G000055,M0008,2026-06-24,60.0,General,Text-to-give,No,
G000553,M0089,2026-06-24,20.0,General,Online recurring,Yes,RP0027
G000756,M0118,2026-06-24,50.0,General,Online recurring,Yes,RP0037
G000881,M0130,2026-06-24,75.0,General,Online recurring,Yes,RP0042
G001049,M0175,2026-06-24,75.0,General,Online recurring,Yes,RP0050
G000842,M0125,2026-06-25,200.0,General,Online recurring,Yes,RP0040
G000916,M0143,2026-06-25,70.0,General,Online one-time,No,
G001344,M0223,2026-06-25,20.0,General,Online recurring,Yes,RP0062
G000327,M0068,2026-06-26,30.0,General,Online recurring,Yes,RP0016
G000531,M0085,2026-06-26,20.0,General,Online recurring,Yes,RP0026
G000815,M0124,2026-06-26,100.0,General,Online recurring,Yes,RP0039
G000962,M0156,2026-06-26,50.0,General,Check,No,
G001155,M0193,2026-06-26,60.0,General,Text-to-give,No,
G001165,M0203,2026-06-26,50.0,General,Online recurring,Yes,RP0054
G000477,M0083,2026-06-27,50.0,General,Online recurring,Yes,RP0024
G000859,M0126,2026-06-27,60.0,General,Online recurring,Yes,RP0041
G000133,M0026,2026-06-28,40.0,General,Online recurring,Yes,RP0007
G000285,M0061,2026-06-28,200.0,General,Online recurring,Yes,RP0014
G000426,M0077,2026-06-28,75.0,General,Online recurring,Yes,RP0021
G000647,M0107,2026-06-28,100.0,General,Online recurring,Yes,RP0031
G000679,M0112,2026-06-28,200.0,General,Online recurring,Yes,RP0033
G000736,M0116,2026-06-28,50.0,General,Online recurring,Yes,RP0036
G001307,M0218,2026-06-28,50.0,General,Online recurring,Yes,RP0060
G000174,M0031,2026-06-29,750.0,General,Online recurring,Yes,RP0009
G000114,M0023,2026-06-30,50.0,General,Online recurring,Yes,RP0005
G000278,M0060,2026-06-30,60.0,General,Online one-time,No,
G001013,M0171,2026-06-30,75.0,General,Online recurring,Yes,RP0048
G000246,M0049,2026-07-01,100.0,General,Online recurring,Yes,RP0011
G001085,M0187,2026-07-03,100.0,General,Online one-time,No,
G000547,M0086,2026-07-04,65.0,General,Online one-time,No,
G000875,M0128,2026-07-04,70.0,General,Text-to-give,No,
G001007,M0170,2026-07-04,80.0,General,Check,No,
G001078,M0183,2026-07-05,110.0,General,Check,No,
G001387,M0234,2026-07-05,105.0,General,Check,No,
G000002,M0001,2026-07-06,95.0,General,Online one-time,No,
G000006,M0002,2026-07-08,100.0,General,Online recurring,Yes,RP0001
G000038,M0004,2026-07-09,75.0,General,Online recurring,Yes,RP0002
G001288,M0217,2026-07-09,100.0,General,Online recurring,Yes,RP0059
G001391,M0235,2026-07-09,150.0,General,Online recurring,Yes,RP0064
G000236,M0039,2026-07-10,80.0,General,Text-to-give,No,
G000659,M0111,2026-07-10,30.0,General,Online recurring,Yes,RP0032
G000127,M0025,2026-07-11,20.0,General,Online recurring,Yes,RP0006
G000306,M0067,2026-07-11,30.0,General,Online recurring,Yes,RP0015
G000396,M0073,2026-07-11,85.0,General,Online one-time,No,
G000059,M0010,2026-07-12,60.0,General,Online recurring,Yes,RP0003
G000710,M0115,2026-07-12,200.0,General,Online recurring,Yes,RP0035
G000768,M0119,2026-07-12,150.0,General,Online recurring,Yes,RP0038
G001365,M0229,2026-07-12,100.0,General,Online recurring,Yes,RP0063
G000966,M0160,2026-07-13,50.0,General,Online recurring,Yes,RP0046
G001193,M0208,2026-07-13,100.0,General,Online recurring,Yes,RP0056
G000194,M0033,2026-07-15,100.0,General,Online recurring,Yes,RP0010
G000574,M0097,2026-07-15,200.0,General,Online recurring,Yes,RP0029
G000929,M0153,2026-07-15,50.0,General,Online recurring,Yes,RP0044
G000947,M0155,2026-07-15,50.0,General,Online recurring,Yes,RP0045
G001088,M0188,2026-07-15,100.0,General,Online recurring,Yes,RP0051
G001321,M0222,2026-07-15,50.0,General,Online recurring,Yes,RP0061
G000338,M0070,2026-07-17,150.0,General,Online recurring,Yes,RP0017
G000366,M0071,2026-07-17,60.0,General,Online recurring,Yes,RP0018
G000982,M0168,2026-07-17,30.0,General,Online recurring,Yes,RP0047
G000240,M0044,2026-07-18,100.0,General,Check,No,
G000404,M0076,2026-07-18,60.0,General,Online recurring,Yes,RP0020
G000707,M0114,2026-07-18,100.0,General,Online recurring,Yes,RP0034
G000811,M0123,2026-07-18,70.0,General,Text-to-give,No,
G000153,M0030,2026-07-19,60.0,General,Online recurring,Yes,RP0008
G000616,M0104,2026-07-19,75.0,General,Online recurring,Yes,RP0030
G001021,M0174,2026-07-19,150.0,General,Online recurring,Yes,RP0049
G001232,M0215,2026-07-19,100.0,General,Online recurring,Yes,RP0057
G000504,M0084,2026-07-20,75.0,General,Online recurring,Yes,RP0025
G001131,M0190,2026-07-20,500.0,General,Online recurring,Yes,RP0053
G000895,M0133,2026-07-21,100.0,General,Online recurring,Yes,RP0043
G000091,M0021,2026-07-22,100.0,General,Online recurring,Yes,RP0004
G000261,M0057,2026-07-22,20.0,General,Online recurring,Yes,RP0012
G000391,M0072,2026-07-22,75.0,General,Online recurring,Yes,RP0019
G000439,M0079,2026-07-22,30.0,General,Online recurring,Yes,RP0022
G000562,M0095,2026-07-22,20.0,General,Online recurring,Yes,RP0028
G000805,M0121,2026-07-22,55.0,General,Online one-time,No,
G001266,M0216,2026-07-22,150.0,General,Online recurring,Yes,RP0058
G000274,M0058,2026-07-23,100.0,General,Online recurring,Yes,RP0013
G000456,M0080,2026-07-23,100.0,General,Online recurring,Yes,RP0023
G001109,M0189,2026-07-23,50.0,General,Online recurring,Yes,RP0052
G001173,M0207,2026-07-23,100.0,General,Online recurring,Yes,RP0055
G000552,M0089,2026-07-24,20.0,General,Online recurring,Yes,RP0027
G000755,M0118,2026-07-24,50.0,General,Online recurring,Yes,RP0037
G000880,M0130,2026-07-24,75.0,General,Online recurring,Yes,RP0042
G001048,M0175,2026-07-24,75.0,General,Online recurring,Yes,RP0050
G000841,M0125,2026-07-25,200.0,General,Online recurring,Yes,RP0040
G000963,M0158,2026-07-25,25.0,General,Online one-time,No,
G001343,M0223,2026-07-25,20.0,General,Online recurring,Yes,RP0062
G000326,M0068,2026-07-26,30.0,General,Online recurring,Yes,RP0016
G000530,M0085,2026-07-26,20.0,General,Online recurring,Yes,RP0026
G000814,M0124,2026-07-26,100.0,General,Online recurring,Yes,RP0039
G001164,M0203,2026-07-26,50.0,General,Online recurring,Yes,RP0054
G000476,M0083,2026-07-27,50.0,General,Online recurring,Yes,RP0024
G000858,M0126,2026-07-27,60.0,General,Online recurring,Yes,RP0041
G000132,M0026,2026-07-28,40.0,General,Online recurring,Yes,RP0007
G000284,M0061,2026-07-28,200.0,General,Online recurring,Yes,RP0014
G000425,M0077,2026-07-28,75.0,General,Online recurring,Yes,RP0021
G000646,M0107,2026-07-28,100.0,General,Online recurring,Yes,RP0031
G000678,M0112,2026-07-28,200.0,General,Online recurring,Yes,RP0033
G000735,M0116,2026-07-28,50.0,General,Online recurring,Yes,RP0036
G001306,M0218,2026-07-28,50.0,General,Online recurring,Yes,RP0060
G000173,M0031,2026-07-29,750.0,General,Online recurring,Yes,RP0009
G000113,M0023,2026-07-30,50.0,General,Online recurring,Yes,RP0005
G001012,M0171,2026-07-30,75.0,General,Online recurring,Yes,RP0048
G001161,M0201,2026-07-30,50.0,General,Online one-time,No,
G001359,M0226,2026-07-30,55.0,General,Check,No,
G000245,M0049,2026-08-01,100.0,General,Online recurring,Yes,RP0011
G001071,M0177,2026-08-02,65.0,General,Text-to-give,No,
G000557,M0090,2026-08-03,70.0,General,Online one-time,No,
G000005,M0002,2026-08-08,100.0,General,Online recurring,Yes,RP0001
G000037,M0004,2026-08-09,75.0,General,Online recurring,Yes,RP0002
G000890,M0132,2026-08-09,85.0,General,Online one-time,No,
G001287,M0217,2026-08-09,100.0,General,Online recurring,Yes,RP0059
G001390,M0235,2026-08-09,150.0,General,Online recurring,Yes,RP0064
G000639,M0106,2026-08-10,115.0,General,Online one-time,No,
G000658,M0111,2026-08-10,30.0,General,Online recurring,Yes,RP0032
G000126,M0025,2026-08-11,20.0,General,Online recurring,Yes,RP0006
G000305,M0067,2026-08-11,30.0,General,Online recurring,Yes,RP0015
G000058,M0010,2026-08-12,60.0,General,Online recurring,Yes,RP0003
G000082,M0015,2026-08-12,60.0,General,Online one-time,No,
G000709,M0115,2026-08-12,200.0,General,Online recurring,Yes,RP0035
G000767,M0119,2026-08-12,150.0,General,Online recurring,Yes,RP0038
G001364,M0229,2026-08-12,100.0,General,Online recurring,Yes,RP0063
G000965,M0160,2026-08-13,50.0,General,Online recurring,Yes,RP0046
G001192,M0208,2026-08-13,100.0,General,Online recurring,Yes,RP0056
G000193,M0033,2026-08-15,100.0,General,Online recurring,Yes,RP0010
G000573,M0097,2026-08-15,200.0,General,Online recurring,Yes,RP0029
G000928,M0153,2026-08-15,50.0,General,Online recurring,Yes,RP0044
G000946,M0155,2026-08-15,50.0,General,Online recurring,Yes,RP0045
G001087,M0188,2026-08-15,100.0,General,Online recurring,Yes,RP0051
G001320,M0222,2026-08-15,50.0,General,Online recurring,Yes,RP0061
G000277,M0060,2026-08-16,50.0,General,Text-to-give,No,
G000337,M0070,2026-08-17,150.0,General,Online recurring,Yes,RP0017
G000365,M0071,2026-08-17,60.0,General,Online recurring,Yes,RP0018
G000981,M0168,2026-08-17,30.0,General,Online recurring,Yes,RP0047
G000399,M0074,2026-08-18,60.0,General,Online one-time,No,
G000403,M0076,2026-08-18,60.0,General,Online recurring,Yes,RP0020
G000706,M0114,2026-08-18,100.0,General,Online recurring,Yes,RP0034
G000919,M0150,2026-08-18,130.0,General,Online one-time,No,
G000051,M0006,2026-08-19,45.0,General,Check,No,
G000152,M0030,2026-08-19,60.0,General,Online recurring,Yes,RP0008
G000615,M0104,2026-08-19,75.0,General,Online recurring,Yes,RP0030
G001020,M0174,2026-08-19,150.0,General,Online recurring,Yes,RP0049
G001081,M0186,2026-08-19,50.0,General,Online one-time,No,
G001231,M0215,2026-08-19,100.0,General,Online recurring,Yes,RP0057
G000255,M0051,2026-08-20,65.0,General,Online one-time,No,
G000503,M0084,2026-08-20,75.0,General,Online recurring,Yes,RP0025
G001130,M0190,2026-08-20,500.0,General,Online recurring,Yes,RP0053
G000894,M0133,2026-08-21,100.0,General,Online recurring,Yes,RP0043
G000090,M0021,2026-08-22,100.0,General,Online recurring,Yes,RP0004
G000260,M0057,2026-08-22,20.0,General,Online recurring,Yes,RP0012
G000390,M0072,2026-08-22,75.0,General,Online recurring,Yes,RP0019
G000438,M0079,2026-08-22,30.0,General,Online recurring,Yes,RP0022
G000561,M0095,2026-08-22,20.0,General,Online recurring,Yes,RP0028
G001265,M0216,2026-08-22,150.0,General,Online recurring,Yes,RP0058
G000273,M0058,2026-08-23,100.0,General,Online recurring,Yes,RP0013
G000455,M0080,2026-08-23,100.0,General,Online recurring,Yes,RP0023
G000912,M0140,2026-08-23,75.0,General,Online one-time,No,
G001108,M0189,2026-08-23,50.0,General,Online recurring,Yes,RP0052
G001172,M0207,2026-08-23,100.0,General,Online recurring,Yes,RP0055
G001382,M0230,2026-08-23,35.0,General,Text-to-give,No,
G000232,M0036,2026-08-24,40.0,General,Check,No,
G000551,M0089,2026-08-24,20.0,General,Online recurring,Yes,RP0027
G000701,M0113,2026-08-24,55.0,General,Online one-time,No,
G000754,M0118,2026-08-24,50.0,General,Online recurring,Yes,RP0037
G000879,M0130,2026-08-24,75.0,General,Online recurring,Yes,RP0042
G001047,M0175,2026-08-24,75.0,General,Online recurring,Yes,RP0050
G000840,M0125,2026-08-25,200.0,General,Online recurring,Yes,RP0040
G001342,M0223,2026-08-25,20.0,General,Online recurring,Yes,RP0062
G000085,M0017,2026-08-26,50.0,General,Online one-time,No,
G000325,M0068,2026-08-26,30.0,General,Online recurring,Yes,RP0016
G000529,M0085,2026-08-26,20.0,General,Online recurring,Yes,RP0026
G000813,M0124,2026-08-26,100.0,General,Online recurring,Yes,RP0039
G001163,M0203,2026-08-26,50.0,General,Online recurring,Yes,RP0054
G000475,M0083,2026-08-27,50.0,General,Online recurring,Yes,RP0024
G000857,M0126,2026-08-27,60.0,General,Online recurring,Yes,RP0041
G001227,M0213,2026-08-27,25.0,Camp Scholarship,Text-to-give,No,
G000131,M0026,2026-08-28,40.0,General,Online recurring,Yes,RP0007
G000283,M0061,2026-08-28,200.0,General,Online recurring,Yes,RP0014
G000424,M0077,2026-08-28,75.0,General,Online recurring,Yes,RP0021
G000645,M0107,2026-08-28,100.0,General,Online recurring,Yes,RP0031
G000677,M0112,2026-08-28,200.0,General,Online recurring,Yes,RP0033
G000734,M0116,2026-08-28,50.0,General,Online recurring,Yes,RP0036
G001156,M0196,2026-08-28,75.0,General,Check,No,
G001305,M0218,2026-08-28,50.0,General,Online recurring,Yes,RP0060
G000172,M0031,2026-08-29,750.0,General,Online recurring,Yes,RP0009
G000112,M0023,2026-08-30,50.0,General,Online recurring,Yes,RP0005
G001011,M0171,2026-08-30,75.0,General,Online recurring,Yes,RP0048
G001074,M0178,2026-08-30,65.0,General,Check,No,
G001386,M0234,2026-08-30,110.0,General,Online one-time,No,
G000054,M0008,2026-08-31,85.0,General,Text-to-give,No,
G000147,M0027,2026-08-31,75.0,Camp Scholarship,Online one-time,No,
G000610,M0103,2026-08-31,55.0,General,Online one-time,No,
G001077,M0183,2026-08-31,70.0,General,Online one-time,No,
G001158,M0198,2026-08-31,85.0,General,Online one-time,No,
G000244,M0049,2026-09-01,100.0,General,Online recurring,Yes,RP0011
G000032,M0003,2026-09-02,70.0,General,Check,No,
G000810,M0123,2026-09-02,70.0,General,Check,No,
G000915,M0143,2026-09-02,80.0,General,Online one-time,No,
G000001,M0001,2026-09-03,60.0,General,Online one-time,No,
G000086,M0018,2026-09-03,75.0,General,Online one-time,No,
G000257,M0056,2026-09-03,55.0,General,Check,No,
G001167,M0206,2026-09-03,50.0,Camp Scholarship,Online one-time,No,
G000334,M0069,2026-09-06,60.0,General,Online one-time,No,
G000036,M0004,2026-09-09,75.0,General,Online recurring,Yes,RP0002
G001286,M0217,2026-09-09,100.0,General,Online recurring,Yes,RP0059
G000657,M0111,2026-09-10,30.0,General,Online recurring,Yes,RP0032
G000078,M0011,2026-09-11,50.0,General,Check,No,
G000125,M0025,2026-09-11,20.0,General,Online recurring,Yes,RP0006
G000708,M0115,2026-09-12,200.0,General,Online recurring,Yes,RP0035
G001363,M0229,2026-09-12,100.0,General,Online recurring,Yes,RP0063
G000964,M0160,2026-09-13,50.0,General,Online recurring,Yes,RP0046
G000927,M0153,2026-09-15,50.0,General,Online recurring,Yes,RP0044
G000945,M0155,2026-09-15,50.0,General,Online recurring,Yes,RP0045
G001086,M0188,2026-09-15,100.0,General,Online recurring,Yes,RP0051
G001319,M0222,2026-09-15,50.0,General,Online recurring,Yes,RP0061
G000980,M0168,2026-09-17,30.0,General,Online recurring,Yes,RP0047
G000705,M0114,2026-09-18,100.0,General,Online recurring,Yes,RP0034
G000151,M0030,2026-09-19,60.0,General,Online recurring,Yes,RP0008
G000614,M0104,2026-09-19,75.0,General,Online recurring,Yes,RP0030
G001154,M0193,2026-09-19,75.0,General,Online one-time,No,
G000502,M0084,2026-09-20,75.0,General,Online recurring,Yes,RP0025
G001129,M0190,2026-09-20,500.0,General,Online recurring,Yes,RP0053
G000893,M0133,2026-09-21,100.0,General,Online recurring,Yes,RP0043
G000089,M0021,2026-09-22,100.0,General,Online recurring,Yes,RP0004
G000389,M0072,2026-09-22,75.0,General,Online recurring,Yes,RP0019
G000437,M0079,2026-09-22,30.0,General,Online recurring,Yes,RP0022
G001264,M0216,2026-09-22,150.0,General,Online recurring,Yes,RP0058
G000272,M0058,2026-09-23,100.0,General,Online recurring,Yes,RP0013
G000454,M0080,2026-09-23,100.0,General,Online recurring,Yes,RP0023
G000924,M0151,2026-09-23,60.0,General,Text-to-give,No,
G001107,M0189,2026-09-23,50.0,General,Online recurring,Yes,RP0052
G001171,M0207,2026-09-23,100.0,General,Online recurring,Yes,RP0055
G000550,M0089,2026-09-24,20.0,General,Online recurring,Yes,RP0027
G000753,M0118,2026-09-24,50.0,General,Online recurring,Yes,RP0037
G000878,M0130,2026-09-24,75.0,General,Online recurring,Yes,RP0042
G001046,M0175,2026-09-24,75.0,General,Online recurring,Yes,RP0050
G000839,M0125,2026-09-25,200.0,General,Online recurring,Yes,RP0040
G001341,M0223,2026-09-25,20.0,General,Online recurring,Yes,RP0062
G000324,M0068,2026-09-26,30.0,General,Online recurring,Yes,RP0016
G000395,M0073,2026-09-26,70.0,General,Online one-time,No,
G000528,M0085,2026-09-26,20.0,General,Online recurring,Yes,RP0026
G000812,M0124,2026-09-26,100.0,General,Online recurring,Yes,RP0039
G001162,M0203,2026-09-26,50.0,General,Online recurring,Yes,RP0054
G000474,M0083,2026-09-27,50.0,General,Online recurring,Yes,RP0024
G000856,M0126,2026-09-27,60.0,General,Online recurring,Yes,RP0041
G000130,M0026,2026-09-28,40.0,General,Online recurring,Yes,RP0007
G000235,M0039,2026-09-28,90.0,General,Text-to-give,No,
G000282,M0061,2026-09-28,200.0,General,Online recurring,Yes,RP0014
G000423,M0077,2026-09-28,75.0,General,Online recurring,Yes,RP0021
G000644,M0107,2026-09-28,100.0,General,Online recurring,Yes,RP0031
G000676,M0112,2026-09-28,200.0,General,Online recurring,Yes,RP0033
G000733,M0116,2026-09-28,50.0,General,Online recurring,Yes,RP0036
G001304,M0218,2026-09-28,50.0,General,Online recurring,Yes,RP0060
G000171,M0031,2026-09-29,750.0,General,Online recurring,Yes,RP0009
G000111,M0023,2026-09-30,50.0,General,Online recurring,Yes,RP0005
G001010,M0171,2026-09-30,75.0,General,Online recurring,Yes,RP0048
G001358,M0225,2026-09-30,25.0,General,Text-to-give,No,
G001362,M0228,2026-09-30,50.0,General,Check,No,
G000239,M0044,2026-10-01,105.0,General,Online one-time,No,
G000243,M0049,2026-10-01,100.0,General,Online recurring,Yes,RP0011
G000546,M0086,2026-10-01,500.0,General,Check,No,
