note_id,member_id,note_date,author_staff_id,note_type,note_text
N0008,M0116,2026-06-16,ST02,Care contact,Follow-up call completed. Family says they are doing much better and treatment finished in the summer.
N0015,M0218,2026-06-21,ST02,Care contact,Care visit complete. She says things are stable and thanked the team for the meals.
N0012,M0204,2026-09-17,ST04,Care contact,Visited after service. He seems very down and withdrawn since his divorce and says he feels alone.
N0009,M0138,2026-09-21,ST04,Observation,Said they will be out of town for work until Oct 20.
N0017,M0238,2026-09-22,ST02,Care contact,Her mother died last week. Pastor attended the service.
N0011,M0147,2026-09-24,ST04,Observation,"Working overseas this month, expects to be back mid-October."
N0006,M0099,2026-09-25,ST04,Observation,"Family trip abroad for three weeks, back before the end of the month."
N0007,M0105,2026-09-25,ST02,Care contact,Met for coffee. She is struggling with depression and said she has not been sleeping. Following up soon.
N0002,M0027,2026-09-26,ST08,Impact update,Camp Scholarship fund reached its goal; 12 kids will attend camp next summer.
N0016,M0221,2026-09-26,ST02,Milestone,Started leading a new small group this month.
N0010,M0139,2026-09-26,ST02,Milestone,"Baptized on Sunday, Sept 27."
N0005,M0095,2026-09-28,ST02,Care contact,Small group leader says they are currently living in a motel and running out of money.
N0003,M0056,2026-09-29,ST02,Care contact,"Pastor had lunch with him; catching up, doing well, enjoying the new study."
N0013,M0206,2026-09-29,ST08,Impact update,Camp Scholarship fund reached its goal; 12 kids will attend camp next summer.
N0001,M0018,2026-09-30,ST02,Care contact,"Pastor had lunch with him; catching up, doing well, enjoying the new study."
N0004,M0069,2026-09-30,ST02,Care contact,Pastor called yesterday for a long chat about her son's graduation plans. Will follow up next week.
N0014,M0213,2026-09-30,ST08,Impact update,Camp Scholarship fund reached its goal; 12 kids will attend camp next summer.
N0018,M0240,2026-10-02,ST02,Milestone,Completed the membership class last week and joined a small group.
