plan_id,member_id,amount,frequency,fund,start_date,status,paused_or_canceled_at
RP0001,M0002,100.0,Monthly,General,2024-06-08,Paused,2026-09-08
RP0002,M0004,75.0,Monthly,General,2025-07-09,Active,
RP0003,M0010,60.0,Monthly,General,2025-01-12,Paused,2026-09-12
RP0004,M0021,100.0,Monthly,General,2024-12-22,Active,
RP0005,M0023,50.0,Monthly,General,2025-08-30,Active,
RP0006,M0025,20.0,Monthly,General,2026-05-11,Active,
RP0007,M0026,40.0,Monthly,General,2025-05-28,Active,
RP0008,M0030,60.0,Monthly,General,2025-02-19,Active,
RP0009,M0031,750.0,Monthly,General,2024-12-29,Active,
RP0010,M0033,100.0,Monthly,General,2023-09-15,Paused,2026-09-15
RP0011,M0049,100.0,Monthly,General,2025-11-01,Active,
RP0012,M0057,20.0,Monthly,General,2025-09-22,Paused,2026-09-22
RP0013,M0058,100.0,Monthly,General,2026-05-23,Active,
RP0014,M0061,200.0,Monthly,General,2024-11-28,Active,
RP0015,M0067,30.0,Monthly,General,2025-02-11,Paused,2026-09-11
RP0016,M0068,30.0,Monthly,General,2025-12-26,Active,
RP0017,M0070,150.0,Monthly,General,2024-05-17,Paused,2026-09-17
RP0018,M0071,60.0,Monthly,General,2024-09-17,Paused,2026-09-17
RP0019,M0072,75.0,Monthly,General,2026-04-22,Active,
RP0020,M0076,60.0,Monthly,General,2025-01-18,Paused,2026-09-18
RP0021,M0077,75.0,Monthly,General,2025-08-28,Active,
RP0022,M0079,30.0,Monthly,General,2025-05-22,Active,
RP0023,M0080,100.0,Monthly,General,2025-02-23,Active,
RP0024,M0083,50.0,Monthly,General,2024-06-27,Active,
RP0025,M0084,75.0,Monthly,General,2024-08-20,Active,
RP0026,M0085,20.0,Monthly,General,2025-04-26,Active,
RP0027,M0089,20.0,Monthly,General,2026-03-24,Active,
RP0028,M0095,20.0,Monthly,General,2025-09-22,Paused,2026-09-22
RP0029,M0097,200.0,Monthly,General,2023-08-15,Paused,2026-09-15
RP0030,M0104,75.0,Monthly,General,2024-09-19,Active,
RP0031,M0107,100.0,Monthly,General,2025-09-28,Active,
RP0032,M0111,30.0,Monthly,General,2025-03-10,Active,
RP0033,M0112,200.0,Monthly,General,2024-09-28,Active,
RP0034,M0114,100.0,Monthly,General,2026-07-18,Active,
RP0035,M0115,200.0,Monthly,General,2024-09-12,Active,
RP0036,M0116,50.0,Monthly,General,2025-02-28,Active,
RP0037,M0118,50.0,Monthly,General,2025-08-24,Active,
RP0038,M0119,150.0,Monthly,General,2023-07-12,Paused,2026-09-12
RP0039,M0124,100.0,Monthly,General,2024-07-26,Active,
RP0040,M0125,200.0,Monthly,General,2025-05-25,Active,
RP0041,M0126,60.0,Monthly,General,2025-03-27,Active,
RP0042,M0130,75.0,Monthly,General,2025-10-24,Active,
RP0043,M0133,100.0,Monthly,General,2025-04-21,Active,
RP0044,M0153,50.0,Monthly,General,2025-04-15,Active,
RP0045,M0155,50.0,Monthly,General,2025-05-15,Active,
RP0046,M0160,50.0,Monthly,General,2025-06-13,Active,
RP0047,M0168,30.0,Monthly,General,2024-07-17,Active,
RP0048,M0171,75.0,Monthly,General,2026-03-30,Active,
RP0049,M0174,150.0,Monthly,General,2024-07-19,Paused,2026-09-19
RP0050,M0175,75.0,Monthly,General,2024-10-24,Active,
RP0051,M0188,100.0,Monthly,General,2025-01-15,Active,
RP0052,M0189,50.0,Monthly,General,2024-12-23,Active,
RP0053,M0190,500.0,Monthly,General,2024-09-20,Active,
RP0054,M0203,50.0,Monthly,General,2026-05-26,Active,
RP0055,M0207,100.0,Monthly,General,2025-01-23,Active,
RP0056,M0208,100.0,Monthly,General,2023-10-13,Paused,2026-09-13
RP0057,M0215,100.0,Monthly,General,2023-12-19,Paused,2026-09-19
RP0058,M0216,150.0,Monthly,General,2024-12-22,Active,
RP0059,M0217,100.0,Monthly,General,2025-04-09,Active,
RP0060,M0218,50.0,Monthly,General,2025-07-28,Active,
RP0061,M0222,50.0,Monthly,General,2024-12-15,Active,
RP0062,M0223,20.0,Monthly,General,2025-05-25,Active,
RP0063,M0229,100.0,Monthly,General,2025-03-12,Active,
RP0064,M0235,150.0,Monthly,General,2023-08-09,Paused,2026-09-09
