member_id,staff_id,relationship_role,strength_pct,last_contact_date
M0001,ST01,Senior Pastor,10,2026-10-01
M0001,ST02,Care Pastor,38,2026-03-22
M0001,ST04,Connections Pastor,42,2026-06-25
M0001,ST11,Small Group Leader,70,2026-09-25
M0002,ST01,Senior Pastor,6,2026-06-23
M0002,ST02,Care Pastor,46,2026-09-25
M0002,ST04,Connections Pastor,45,2026-09-13
M0002,ST09,Small Group Leader,60,2026-09-21
M0003,ST01,Senior Pastor,21,2026-07-22
M0003,ST02,Care Pastor,58,2026-08-31
M0003,ST04,Connections Pastor,26,2026-09-14
M0003,ST12,Small Group Leader,89,2026-09-01
M0004,ST01,Senior Pastor,12,2026-06-01
M0004,ST02,Care Pastor,36,2026-07-20
M0004,ST05,Volunteer Coordinator,49,2026-01-28
M0004,ST09,Small Group Leader,83,2026-05-14
M0005,ST01,Senior Pastor,23,2026-08-08
M0005,ST02,Care Pastor,54,2026-07-11
M0005,ST04,Connections Pastor,67,2026-07-24
M0006,ST01,Senior Pastor,42,2026-07-24
M0006,ST02,Care Pastor,53,2026-08-17
M0006,ST04,Connections Pastor,58,2026-04-27
M0006,ST11,Small Group Leader,85,2026-09-12
M0007,ST01,Senior Pastor,20,2026-08-18
M0007,ST02,Care Pastor,38,2026-09-19
M0007,ST04,Connections Pastor,61,2026-05-27
M0008,ST01,Senior Pastor,20,2026-09-25
M0008,ST02,Care Pastor,27,2026-06-08
M0008,ST04,Connections Pastor,36,2026-07-20
M0008,ST11,Small Group Leader,77,2026-10-02
M0009,ST01,Senior Pastor,36,2026-08-28
M0009,ST02,Care Pastor,48,2026-09-03
M0009,ST04,Connections Pastor,42,2026-07-22
M0009,ST11,Small Group Leader,63,2026-06-11
M0010,ST01,Senior Pastor,21,2026-06-12
M0010,ST02,Care Pastor,51,2026-09-23
M0010,ST04,Connections Pastor,27,2026-08-10
M0010,ST13,Small Group Leader,94,2026-09-24
M0011,ST01,Senior Pastor,37,2026-09-16
M0011,ST02,Care Pastor,35,2026-09-30
M0011,ST04,Connections Pastor,45,2026-08-22
M0011,ST13,Small Group Leader,69,2026-09-23
M0012,ST01,Senior Pastor,31,2026-09-02
M0012,ST02,Care Pastor,21,2026-09-23
M0012,ST05,Volunteer Coordinator,68,2026-09-22
M0012,ST11,Small Group Leader,46,2026-07-06
M0013,ST01,Senior Pastor,12,2026-10-01
M0013,ST02,Care Pastor,39,2026-07-24
M0013,ST04,Connections Pastor,73,2026-10-02
M0014,ST01,Senior Pastor,15,2026-09-01
M0014,ST02,Care Pastor,54,2026-09-04
M0014,ST04,Connections Pastor,33,2026-09-11
M0014,ST13,Small Group Leader,75,2026-09-28
M0015,ST01,Senior Pastor,29,2026-08-16
M0015,ST02,Care Pastor,23,2026-08-29
M0015,ST04,Connections Pastor,37,2026-09-09
M0016,ST01,Senior Pastor,20,2026-09-27
M0016,ST02,Care Pastor,44,2026-06-24
M0016,ST04,Connections Pastor,42,2026-10-01
M0017,ST01,Senior Pastor,27,2026-08-02
M0017,ST02,Care Pastor,28,2026-01-09
M0017,ST04,Connections Pastor,40,2025-10-04
M0017,ST11,Small Group Leader,62,2026-05-08
M0018,ST01,Senior Pastor,12,2026-08-16
M0018,ST02,Care Pastor,31,2026-08-31
M0018,ST04,Connections Pastor,38,2026-07-24
M0018,ST13,Small Group Leader,78,2026-09-15
M0019,ST01,Senior Pastor,26,2026-04-01
M0019,ST02,Care Pastor,35,2026-09-30
M0019,ST04,Connections Pastor,34,2026-04-19
M0020,ST01,Senior Pastor,8,2026-08-07
M0020,ST02,Care Pastor,61,2026-08-17
M0020,ST04,Connections Pastor,73,2026-07-22
M0021,ST01,Senior Pastor,26,2025-12-08
M0021,ST02,Care Pastor,47,2025-11-27
M0021,ST05,Volunteer Coordinator,46,2026-09-25
M0021,ST09,Small Group Leader,66,2026-09-26
M0022,ST01,Senior Pastor,24,2026-07-31
M0022,ST02,Care Pastor,46,2026-08-13
M0022,ST05,Volunteer Coordinator,66,2026-09-30
M0023,ST01,Senior Pastor,12,2026-09-14
M0023,ST02,Care Pastor,29,2026-10-03
M0023,ST04,Connections Pastor,44,2026-02-15
M0023,ST11,Small Group Leader,81,2026-07-05
M0024,ST01,Senior Pastor,34,2026-09-11
M0024,ST02,Care Pastor,55,2026-02-19
M0024,ST04,Connections Pastor,32,2026-07-31
M0025,ST01,Senior Pastor,23,2026-08-08
M0025,ST02,Care Pastor,54,2026-05-06
M0025,ST05,Volunteer Coordinator,61,2026-08-17
M0026,ST01,Senior Pastor,28,2026-05-21
M0026,ST02,Care Pastor,40,2026-07-19
M0026,ST04,Connections Pastor,40,2026-08-01
M0026,ST10,Small Group Leader,40,2026-06-18
M0027,ST01,Senior Pastor,15,2026-07-21
M0027,ST02,Care Pastor,47,2026-09-04
M0027,ST04,Connections Pastor,58,2026-07-24
M0027,ST12,Small Group Leader,88,2026-09-09
M0028,ST01,Senior Pastor,37,2026-09-21
M0028,ST02,Care Pastor,38,2026-06-25
M0028,ST04,Connections Pastor,48,2026-06-01
M0028,ST12,Small Group Leader,79,2026-08-06
M0029,ST01,Senior Pastor,3,2026-05-23
M0029,ST02,Care Pastor,12,2026-08-09
M0029,ST04,Connections Pastor,23,2026-07-23
M0029,ST09,Small Group Leader,88,2026-10-02
M0030,ST01,Senior Pastor,3,2026-06-19
M0030,ST02,Care Pastor,55,2026-10-03
M0030,ST04,Connections Pastor,71,2026-08-15
M0030,ST13,Small Group Leader,84,2026-07-24
M0031,ST01,Senior Pastor,27,2026-03-30
M0031,ST02,Care Pastor,23,2026-09-20
M0031,ST05,Volunteer Coordinator,42,2026-08-14
M0031,ST09,Small Group Leader,80,2026-09-30
M0032,ST01,Senior Pastor,31,2026-10-02
M0032,ST02,Care Pastor,35,2026-08-07
M0032,ST04,Connections Pastor,54,2026-07-18
M0033,ST01,Senior Pastor,18,2026-09-02
M0033,ST02,Care Pastor,51,2026-09-20
M0033,ST04,Connections Pastor,22,2026-09-05
M0033,ST11,Small Group Leader,85,2026-09-17
M0034,ST01,Senior Pastor,24,2026-07-03
M0034,ST02,Care Pastor,46,2026-08-24
M0034,ST05,Volunteer Coordinator,73,2026-08-01
M0034,ST09,Small Group Leader,77,2026-07-24
M0035,ST01,Senior Pastor,9,2026-03-13
M0035,ST02,Care Pastor,28,2026-07-20
M0035,ST04,Connections Pastor,56,2026-07-15
M0036,ST01,Senior Pastor,23,2026-09-24
M0036,ST02,Care Pastor,28,2026-04-20
M0036,ST04,Connections Pastor,43,2026-07-30
M0037,ST01,Senior Pastor,11,2026-02-15
M0037,ST02,Care Pastor,34,2026-06-18
M0037,ST05,Volunteer Coordinator,89,2026-10-02
M0037,ST13,Small Group Leader,75,2026-09-05
M0038,ST01,Senior Pastor,24,2026-07-04
M0038,ST02,Care Pastor,19,2025-09-12
M0038,ST04,Connections Pastor,41,2026-09-22
M0038,ST09,Small Group Leader,77,2026-09-10
M0039,ST01,Senior Pastor,11,2026-07-03
M0039,ST02,Care Pastor,25,2026-08-26
M0039,ST04,Connections Pastor,26,2026-09-25
M0039,ST11,Small Group Leader,68,2026-08-15
M0040,ST01,Senior Pastor,19,2026-08-25
M0040,ST02,Care Pastor,5,2025-11-24
M0040,ST07,Youth Pastor,53,2026-07-30
M0040,ST10,Small Group Leader,82,2026-10-02
M0041,ST01,Senior Pastor,40,2026-06-14
M0041,ST02,Care Pastor,28,2026-08-12
M0041,ST04,Connections Pastor,33,2026-09-24
M0042,ST01,Senior Pastor,28,2026-03-31
M0042,ST02,Care Pastor,43,2026-08-28
M0042,ST05,Volunteer Coordinator,59,2026-08-13
M0043,ST01,Senior Pastor,26,2026-09-03
M0043,ST02,Care Pastor,14,2026-07-06
M0043,ST04,Connections Pastor,48,2026-09-21
M0043,ST12,Small Group Leader,64,2026-08-26
M0044,ST01,Senior Pastor,27,2026-04-08
M0044,ST02,Care Pastor,39,2026-09-27
M0044,ST04,Connections Pastor,60,2026-08-29
M0044,ST12,Small Group Leader,80,2026-07-12
M0045,ST01,Senior Pastor,5,2026-01-10
M0045,ST02,Care Pastor,43,2026-06-01
M0045,ST04,Connections Pastor,68,2026-06-21
M0045,ST10,Small Group Leader,78,2026-08-26
M0046,ST01,Senior Pastor,29,2026-07-22
M0046,ST02,Care Pastor,45,2026-07-06
M0046,ST05,Volunteer Coordinator,56,2026-08-23
M0047,ST01,Senior Pastor,14,2025-11-24
M0047,ST02,Care Pastor,22,2026-10-01
M0047,ST05,Volunteer Coordinator,58,2026-06-21
M0047,ST09,Small Group Leader,81,2026-09-11
M0048,ST01,Senior Pastor,36,2026-08-06
M0048,ST02,Care Pastor,30,2026-08-15
M0048,ST04,Connections Pastor,55,2026-06-15
M0049,ST01,Senior Pastor,33,2026-10-01
M0049,ST02,Care Pastor,46,2026-09-05
M0049,ST05,Volunteer Coordinator,60,2026-03-09
M0049,ST13,Small Group Leader,75,2026-10-02
M0050,ST01,Senior Pastor,26,2026-05-22
M0050,ST02,Care Pastor,35,2026-07-22
M0050,ST04,Connections Pastor,49,2026-09-29
M0050,ST10,Small Group Leader,92,2026-08-30
M0051,ST01,Senior Pastor,21,2026-07-23
M0051,ST02,Care Pastor,53,2026-06-12
M0051,ST05,Volunteer Coordinator,67,2026-09-30
M0052,ST01,Senior Pastor,10,2026-08-17
M0052,ST02,Care Pastor,52,2025-07-06
M0052,ST04,Connections Pastor,59,2026-08-30
M0052,ST13,Small Group Leader,61,2026-08-08
M0053,ST01,Senior Pastor,12,2026-02-09
M0053,ST02,Care Pastor,27,2026-09-20
M0053,ST04,Connections Pastor,28,2026-07-07
M0053,ST09,Small Group Leader,63,2026-07-22
M0054,ST01,Senior Pastor,25,2026-10-02
M0054,ST02,Care Pastor,37,2026-07-21
M0054,ST04,Connections Pastor,51,2026-07-17
M0055,ST01,Senior Pastor,14,2026-09-10
M0055,ST02,Care Pastor,36,2026-07-12
M0055,ST04,Connections Pastor,56,2026-07-27
M0055,ST10,Small Group Leader,59,2026-08-24
M0056,ST01,Senior Pastor,34,2026-08-10
M0056,ST02,Care Pastor,27,2026-03-26
M0056,ST04,Connections Pastor,31,2026-04-27
M0056,ST12,Small Group Leader,59,2026-09-28
M0057,ST01,Senior Pastor,26,2026-06-02
M0057,ST02,Care Pastor,14,2025-05-23
M0057,ST04,Connections Pastor,54,2026-08-12
M0057,ST12,Small Group Leader,84,2026-09-09
M0058,ST01,Senior Pastor,31,2026-04-09
M0058,ST02,Care Pastor,48,2026-10-03
M0058,ST05,Volunteer Coordinator,67,2026-10-02
M0059,ST01,Senior Pastor,21,2026-09-10
M0059,ST02,Care Pastor,36,2026-09-08
M0059,ST04,Connections Pastor,55,2026-09-26
M0059,ST10,Small Group Leader,98,2026-08-20
M0060,ST01,Senior Pastor,15,2026-07-27
M0060,ST02,Care Pastor,48,2026-10-02
M0060,ST04,Connections Pastor,33,2026-05-12
M0061,ST01,Senior Pastor,22,2026-07-04
M0061,ST02,Care Pastor,21,2026-09-19
M0061,ST04,Connections Pastor,57,2026-06-19
M0061,ST10,Small Group Leader,80,2026-08-28
M0062,ST01,Senior Pastor,25,2025-10-01
M0062,ST02,Care Pastor,18,2026-06-27
M0062,ST04,Connections Pastor,43,2026-01-13
M0063,ST01,Senior Pastor,3,2026-08-29
M0063,ST02,Care Pastor,37,2026-09-24
M0063,ST05,Volunteer Coordinator,51,2026-08-28
M0063,ST13,Small Group Leader,90,2026-10-02
M0064,ST01,Senior Pastor,28,2026-08-25
M0064,ST02,Care Pastor,29,2026-09-19
M0064,ST05,Volunteer Coordinator,35,2026-09-09
M0064,ST13,Small Group Leader,70,2026-05-15
M0065,ST01,Senior Pastor,22,2026-06-22
M0065,ST02,Care Pastor,38,2026-08-06
M0065,ST04,Connections Pastor,21,2026-07-09
M0065,ST10,Small Group Leader,65,2026-06-07
M0066,ST01,Senior Pastor,15,2026-06-26
M0066,ST02,Care Pastor,23,2026-08-23
M0066,ST05,Volunteer Coordinator,64,2026-09-01
M0067,ST01,Senior Pastor,33,2026-08-14
M0067,ST02,Care Pastor,20,2026-08-20
M0067,ST04,Connections Pastor,57,2026-08-22
M0067,ST11,Small Group Leader,76,2026-08-07
M0068,ST01,Senior Pastor,23,2025-11-01
M0068,ST02,Care Pastor,53,2026-06-02
M0068,ST04,Connections Pastor,28,2026-04-15
M0068,ST10,Small Group Leader,72,2026-07-18
M0069,ST01,Senior Pastor,16,2026-05-21
M0069,ST02,Care Pastor,21,2025-11-21
M0069,ST04,Connections Pastor,30,2026-08-30
M0069,ST10,Small Group Leader,90,2026-10-01
M0070,ST01,Senior Pastor,15,2025-12-10
M0070,ST02,Care Pastor,57,2025-12-27
M0070,ST04,Connections Pastor,44,2026-05-02
M0070,ST12,Small Group Leader,89,2026-07-19
M0071,ST01,Senior Pastor,13,2026-01-08
M0071,ST02,Care Pastor,34,2026-07-22
M0071,ST04,Connections Pastor,40,2026-06-21
M0071,ST12,Small Group Leader,56,2026-06-09
M0072,ST01,Senior Pastor,30,2026-09-27
M0072,ST02,Care Pastor,36,2026-09-15
M0072,ST04,Connections Pastor,74,2026-09-02
M0072,ST13,Small Group Leader,60,2026-08-04
M0073,ST01,Senior Pastor,22,2026-08-17
M0073,ST02,Care Pastor,11,2026-02-24
M0073,ST04,Connections Pastor,44,2026-08-30
M0073,ST09,Small Group Leader,74,2026-10-03
M0074,ST01,Senior Pastor,3,2026-09-06
M0074,ST02,Care Pastor,25,2026-08-17
M0074,ST04,Connections Pastor,45,2026-07-06
M0074,ST10,Small Group Leader,63,2026-07-22
M0075,ST01,Senior Pastor,18,2026-09-29
M0075,ST02,Care Pastor,32,2026-06-12
M0075,ST05,Volunteer Coordinator,47,2026-06-14
M0075,ST12,Small Group Leader,89,2026-08-24
M0076,ST01,Senior Pastor,14,2026-07-31
M0076,ST02,Care Pastor,55,2026-08-09
M0076,ST04,Connections Pastor,58,2026-09-23
M0076,ST13,Small Group Leader,82,2026-08-24
M0077,ST01,Senior Pastor,14,2026-07-25
M0077,ST02,Care Pastor,41,2026-09-23
M0077,ST05,Volunteer Coordinator,63,2026-08-07
M0077,ST11,Small Group Leader,79,2026-09-23
M0078,ST01,Senior Pastor,17,2026-09-12
M0078,ST02,Care Pastor,59,2026-04-26
M0078,ST07,Youth Pastor,37,2026-08-18
M0078,ST10,Small Group Leader,62,2026-08-16
M0079,ST01,Senior Pastor,9,2026-09-23
M0079,ST02,Care Pastor,62,2026-09-29
M0079,ST04,Connections Pastor,39,2026-08-30
M0079,ST11,Small Group Leader,80,2026-10-01
M0080,ST01,Senior Pastor,39,2026-05-20
M0080,ST02,Care Pastor,20,2026-09-04
M0080,ST05,Volunteer Coordinator,52,2026-05-14
M0080,ST12,Small Group Leader,60,2026-09-22
M0081,ST01,Senior Pastor,3,2026-08-20
M0081,ST02,Care Pastor,27,2026-09-23
M0081,ST04,Connections Pastor,48,2026-08-15
M0081,ST10,Small Group Leader,82,2026-09-28
M0082,ST01,Senior Pastor,24,2026-05-26
M0082,ST02,Care Pastor,46,2026-07-06
M0082,ST05,Volunteer Coordinator,46,2026-08-28
M0083,ST01,Senior Pastor,17,2026-08-29
M0083,ST02,Care Pastor,22,2026-09-07
M0083,ST05,Volunteer Coordinator,51,2026-05-03
M0083,ST13,Small Group Leader,65,2026-06-23
M0084,ST01,Senior Pastor,3,2026-01-20
M0084,ST02,Care Pastor,36,2026-06-17
M0084,ST05,Volunteer Coordinator,51,2026-09-21
M0084,ST13,Small Group Leader,62,2026-08-27
M0085,ST01,Senior Pastor,32,2026-03-14
M0085,ST02,Care Pastor,5,2026-09-18
M0085,ST04,Connections Pastor,40,2026-10-01
M0085,ST11,Small Group Leader,66,2026-09-30
M0086,ST01,Senior Pastor,31,2026-04-24
M0086,ST02,Care Pastor,59,2026-09-16
M0086,ST05,Volunteer Coordinator,92,2026-09-28
M0086,ST13,Small Group Leader,54,2026-08-30
M0087,ST01,Senior Pastor,24,2026-08-08
M0087,ST02,Care Pastor,35,2026-09-15
M0087,ST04,Connections Pastor,58,2026-07-04
M0087,ST12,Small Group Leader,98,2026-05-04
M0088,ST01,Senior Pastor,27,2026-08-04
M0088,ST02,Care Pastor,30,2026-10-02
M0088,ST04,Connections Pastor,31,2026-07-29
M0089,ST01,Senior Pastor,24,2026-07-29
M0089,ST02,Care Pastor,24,2026-07-06
M0089,ST04,Connections Pastor,38,2026-05-29
M0090,ST01,Senior Pastor,26,2026-06-03
M0090,ST02,Care Pastor,19,2026-10-02
M0090,ST04,Connections Pastor,33,2026-07-22
M0091,ST01,Senior Pastor,36,2026-09-03
M0091,ST02,Care Pastor,30,2026-09-27
M0091,ST04,Connections Pastor,47,2026-09-16
M0092,ST01,Senior Pastor,18,2026-09-30
M0092,ST02,Care Pastor,51,2026-09-15
M0092,ST04,Connections Pastor,50,2026-10-02
M0092,ST13,Small Group Leader,67,2026-09-18
M0093,ST01,Senior Pastor,16,2026-07-27
M0093,ST02,Care Pastor,20,2026-07-20
M0093,ST05,Volunteer Coordinator,62,2026-09-27
M0093,ST13,Small Group Leader,89,2026-09-18
M0094,ST01,Senior Pastor,27,2026-09-25
M0094,ST02,Care Pastor,35,2026-07-20
M0094,ST04,Connections Pastor,79,2026-08-02
M0095,ST01,Senior Pastor,24,2026-06-10
M0095,ST02,Care Pastor,53,2026-09-09
M0095,ST04,Connections Pastor,42,2026-08-27
M0095,ST10,Small Group Leader,86,2026-03-12
M0096,ST01,Senior Pastor,16,2026-09-03
M0096,ST02,Care Pastor,27,2026-09-12
M0096,ST04,Connections Pastor,35,2026-07-19
M0097,ST01,Senior Pastor,14,2026-09-20
M0097,ST02,Care Pastor,31,2026-08-24
M0097,ST04,Connections Pastor,35,2025-11-01
M0097,ST09,Small Group Leader,62,2026-08-04
M0098,ST01,Senior Pastor,33,2026-08-03
M0098,ST02,Care Pastor,36,2026-10-02
M0098,ST04,Connections Pastor,40,2026-03-07
M0099,ST01,Senior Pastor,18,2026-08-19
M0099,ST02,Care Pastor,40,2026-08-25
M0099,ST04,Connections Pastor,39,2026-06-19
M0099,ST11,Small Group Leader,63,2026-09-06
M0100,ST01,Senior Pastor,26,2026-03-09
M0100,ST02,Care Pastor,41,2026-07-29
M0100,ST04,Connections Pastor,62,2026-09-17
M0101,ST01,Senior Pastor,23,2026-09-01
M0101,ST02,Care Pastor,37,2026-04-06
M0101,ST04,Connections Pastor,46,2026-07-30
M0102,ST01,Senior Pastor,27,2026-09-12
M0102,ST02,Care Pastor,34,2025-11-20
M0102,ST04,Connections Pastor,77,2026-01-28
M0102,ST09,Small Group Leader,78,2026-08-11
M0103,ST01,Senior Pastor,10,2026-07-13
M0103,ST02,Care Pastor,31,2026-04-10
M0103,ST04,Connections Pastor,34,2026-07-10
M0103,ST12,Small Group Leader,86,2026-09-14
M0104,ST01,Senior Pastor,32,2026-09-05
M0104,ST02,Care Pastor,17,2026-08-29
M0104,ST04,Connections Pastor,8,2026-08-01
M0105,ST01,Senior Pastor,29,2026-06-29
M0105,ST02,Care Pastor,45,2026-08-23
M0105,ST04,Connections Pastor,33,2026-09-13
M0105,ST12,Small Group Leader,95,2026-10-03
M0106,ST01,Senior Pastor,20,2026-03-05
M0106,ST02,Care Pastor,47,2026-08-28
M0106,ST04,Connections Pastor,29,2026-08-24
M0106,ST12,Small Group Leader,64,2026-08-11
M0107,ST01,Senior Pastor,20,2026-07-26
M0107,ST02,Care Pastor,29,2026-05-19
M0107,ST04,Connections Pastor,58,2026-08-31
M0108,ST01,Senior Pastor,22,2026-05-04
M0108,ST02,Care Pastor,29,2026-09-09
M0108,ST04,Connections Pastor,19,2026-06-25
M0109,ST01,Senior Pastor,33,2026-05-03
M0109,ST02,Care Pastor,38,2026-07-05
M0109,ST04,Connections Pastor,25,2026-09-06
M0109,ST12,Small Group Leader,54,2026-08-31
M0110,ST01,Senior Pastor,14,2026-06-10
M0110,ST02,Care Pastor,11,2026-07-14
M0110,ST04,Connections Pastor,27,2026-04-03
M0111,ST01,Senior Pastor,19,2025-05-23
M0111,ST02,Care Pastor,19,2026-07-04
M0111,ST04,Connections Pastor,27,2026-04-12
M0112,ST01,Senior Pastor,25,2026-09-05
M0112,ST02,Care Pastor,42,2026-05-13
M0112,ST04,Connections Pastor,38,2026-09-16
M0112,ST13,Small Group Leader,86,2026-08-04
M0113,ST01,Senior Pastor,25,2026-09-09
M0113,ST02,Care Pastor,44,2026-05-19
M0113,ST04,Connections Pastor,39,2026-06-17
M0113,ST13,Small Group Leader,65,2026-07-05
M0114,ST01,Senior Pastor,9,2026-07-08
M0114,ST02,Care Pastor,19,2026-01-21
M0114,ST04,Connections Pastor,58,2025-12-27
M0115,ST01,Senior Pastor,32,2026-07-21
M0115,ST02,Care Pastor,22,2026-02-17
M0115,ST05,Volunteer Coordinator,56,2026-09-01
M0115,ST11,Small Group Leader,98,2026-08-20
M0116,ST01,Senior Pastor,20,2026-07-14
M0116,ST02,Care Pastor,40,2026-03-03
M0116,ST05,Volunteer Coordinator,36,2025-03-04
M0116,ST13,Small Group Leader,86,2026-08-01
M0117,ST01,Senior Pastor,37,2026-09-11
M0117,ST02,Care Pastor,55,2026-08-02
M0117,ST04,Connections Pastor,29,2026-06-17
M0118,ST01,Senior Pastor,3,2026-09-27
M0118,ST02,Care Pastor,31,2026-05-07
M0118,ST04,Connections Pastor,48,2026-10-03
M0118,ST11,Small Group Leader,80,2026-09-26
M0119,ST01,Senior Pastor,9,2026-04-15
M0119,ST02,Care Pastor,36,2026-07-29
M0119,ST04,Connections Pastor,50,2026-08-24
M0119,ST10,Small Group Leader,69,2026-09-23
M0120,ST01,Senior Pastor,24,2026-07-23
M0120,ST02,Care Pastor,27,2026-09-22
M0120,ST04,Connections Pastor,44,2026-04-13
M0121,ST01,Senior Pastor,19,2026-05-26
M0121,ST02,Care Pastor,23,2026-01-03
M0121,ST04,Connections Pastor,32,2026-08-16
M0121,ST12,Small Group Leader,69,2026-06-25
M0122,ST01,Senior Pastor,23,2026-09-13
M0122,ST02,Care Pastor,21,2026-09-14
M0122,ST04,Connections Pastor,41,2026-08-25
M0123,ST01,Senior Pastor,6,2026-10-03
M0123,ST02,Care Pastor,34,2026-03-23
M0123,ST04,Connections Pastor,48,2026-09-21
M0124,ST01,Senior Pastor,27,2026-09-13
M0124,ST02,Care Pastor,65,2026-04-17
M0124,ST05,Volunteer Coordinator,50,2026-09-04
M0124,ST10,Small Group Leader,62,2026-08-23
M0125,ST01,Senior Pastor,32,2026-08-05
M0125,ST02,Care Pastor,17,2026-08-03
M0125,ST04,Connections Pastor,70,2026-09-20
M0126,ST01,Senior Pastor,20,2026-06-30
M0126,ST02,Care Pastor,18,2026-06-12
M0126,ST04,Connections Pastor,58,2026-08-03
M0126,ST11,Small Group Leader,96,2026-09-21
M0127,ST01,Senior Pastor,8,2026-08-15
M0127,ST02,Care Pastor,34,2026-09-19
M0127,ST05,Volunteer Coordinator,61,2026-06-29
M0128,ST01,Senior Pastor,36,2026-08-20
M0128,ST02,Care Pastor,53,2026-05-05
M0128,ST04,Connections Pastor,45,2026-08-03
M0128,ST13,Small Group Leader,86,2026-09-30
M0129,ST01,Senior Pastor,16,2025-05-05
M0129,ST02,Care Pastor,33,2026-08-12
M0129,ST05,Volunteer Coordinator,46,2026-09-22
M0130,ST01,Senior Pastor,26,2026-06-04
M0130,ST02,Care Pastor,53,2026-10-01
M0130,ST05,Volunteer Coordinator,92,2026-09-30
M0130,ST13,Small Group Leader,82,2026-10-01
M0131,ST01,Senior Pastor,26,2026-01-30
M0131,ST02,Care Pastor,15,2026-08-14
M0131,ST04,Connections Pastor,39,2026-05-18
M0132,ST01,Senior Pastor,3,2026-09-04
M0132,ST02,Care Pastor,45,2026-08-04
M0132,ST04,Connections Pastor,40,2026-05-02
M0132,ST13,Small Group Leader,98,2026-08-01
M0133,ST01,Senior Pastor,24,2026-07-31
M0133,ST02,Care Pastor,18,2026-09-13
M0133,ST04,Connections Pastor,37,2026-02-08
M0133,ST09,Small Group Leader,69,2026-09-24
M0134,ST01,Senior Pastor,15,2026-04-08
M0134,ST02,Care Pastor,31,2025-09-26
M0134,ST04,Connections Pastor,34,2026-10-02
M0135,ST01,Senior Pastor,7,2026-09-03
M0135,ST02,Care Pastor,31,2026-10-03
M0135,ST04,Connections Pastor,78,2026-08-10
M0136,ST01,Senior Pastor,22,2025-11-20
M0136,ST02,Care Pastor,61,2026-08-17
M0136,ST05,Volunteer Coordinator,48,2026-08-09
M0137,ST01,Senior Pastor,37,2026-08-10
M0137,ST02,Care Pastor,32,2026-07-19
M0137,ST04,Connections Pastor,78,2026-08-24
M0138,ST01,Senior Pastor,12,2026-06-18
M0138,ST02,Care Pastor,42,2026-09-05
M0138,ST04,Connections Pastor,80,2026-07-07
M0138,ST12,Small Group Leader,93,2026-09-29
M0139,ST01,Senior Pastor,26,2026-03-29
M0139,ST02,Care Pastor,27,2026-09-19
M0139,ST04,Connections Pastor,27,2026-06-13
M0139,ST11,Small Group Leader,72,2026-08-08
M0140,ST01,Senior Pastor,16,2026-09-30
M0140,ST02,Care Pastor,34,2026-08-04
M0140,ST04,Connections Pastor,52,2026-09-21
M0140,ST11,Small Group Leader,94,2026-09-26
M0141,ST01,Senior Pastor,33,2026-07-15
M0141,ST02,Care Pastor,33,2026-08-22
M0141,ST04,Connections Pastor,37,2026-08-06
M0142,ST01,Senior Pastor,21,2026-07-08
M0142,ST02,Care Pastor,32,2026-08-17
M0142,ST04,Connections Pastor,55,2026-08-29
M0143,ST01,Senior Pastor,17,2026-08-02
M0143,ST02,Care Pastor,36,2026-09-25
M0143,ST04,Connections Pastor,40,2026-09-21
M0143,ST10,Small Group Leader,64,2026-08-03
M0144,ST01,Senior Pastor,28,2026-07-31
M0144,ST02,Care Pastor,46,2026-09-07
M0144,ST04,Connections Pastor,29,2026-10-03
M0145,ST01,Senior Pastor,30,2026-07-17
M0145,ST02,Care Pastor,29,2026-08-15
M0145,ST04,Connections Pastor,63,2026-09-01
M0145,ST12,Small Group Leader,98,2026-09-26
M0146,ST01,Senior Pastor,24,2026-07-03
M0146,ST02,Care Pastor,25,2026-02-08
M0146,ST04,Connections Pastor,57,2026-08-18
M0147,ST01,Senior Pastor,15,2026-01-27
M0147,ST02,Care Pastor,35,2026-09-06
M0147,ST04,Connections Pastor,52,2026-04-10
M0147,ST09,Small Group Leader,64,2026-08-08
M0148,ST01,Senior Pastor,37,2026-03-07
M0148,ST02,Care Pastor,28,2025-12-13
M0148,ST04,Connections Pastor,43,2026-07-19
M0149,ST01,Senior Pastor,27,2026-09-19
M0149,ST02,Care Pastor,31,2026-06-09
M0149,ST04,Connections Pastor,22,2026-09-16
M0150,ST01,Senior Pastor,8,2026-09-12
M0150,ST02,Care Pastor,34,2026-08-22
M0150,ST04,Connections Pastor,71,2026-09-17
M0150,ST11,Small Group Leader,82,2026-09-13
M0151,ST01,Senior Pastor,18,2026-07-21
M0151,ST02,Care Pastor,21,2026-08-28
M0151,ST04,Connections Pastor,32,2026-09-25
M0152,ST01,Senior Pastor,8,2025-10-02
M0152,ST02,Care Pastor,51,2026-10-03
M0152,ST04,Connections Pastor,45,2026-06-08
M0153,ST01,Senior Pastor,10,2026-04-09
M0153,ST02,Care Pastor,37,2026-09-26
M0153,ST05,Volunteer Coordinator,50,2026-08-31
M0153,ST10,Small Group Leader,79,2026-10-02
M0154,ST01,Senior Pastor,18,2026-08-11
M0154,ST02,Care Pastor,42,2026-09-14
M0154,ST05,Volunteer Coordinator,69,2026-08-25
M0155,ST01,Senior Pastor,23,2026-09-26
M0155,ST02,Care Pastor,35,2025-11-08
M0155,ST05,Volunteer Coordinator,46,2026-09-29
M0155,ST09,Small Group Leader,86,2026-10-01
M0156,ST01,Senior Pastor,10,2026-08-30
M0156,ST02,Care Pastor,22,2026-05-15
M0156,ST04,Connections Pastor,57,2026-08-17
M0156,ST13,Small Group Leader,77,2026-06-10
M0157,ST01,Senior Pastor,26,2026-09-01
M0157,ST02,Care Pastor,28,2026-09-04
M0157,ST05,Volunteer Coordinator,45,2026-07-29
M0158,ST01,Senior Pastor,20,2026-05-09
M0158,ST02,Care Pastor,25,2026-04-23
M0158,ST04,Connections Pastor,34,2025-08-27
M0159,ST01,Senior Pastor,13,2026-02-26
M0159,ST02,Care Pastor,15,2026-07-30
M0159,ST05,Volunteer Coordinator,52,2026-09-16
M0160,ST01,Senior Pastor,12,2026-05-03
M0160,ST02,Care Pastor,21,2026-08-28
M0160,ST04,Connections Pastor,33,2026-09-22
M0160,ST10,Small Group Leader,69,2026-09-16
M0161,ST01,Senior Pastor,16,2026-04-30
M0161,ST02,Care Pastor,24,2026-07-26
M0161,ST04,Connections Pastor,35,2026-08-27
M0161,ST12,Small Group Leader,77,2026-07-10
M0162,ST01,Senior Pastor,15,2026-08-18
M0162,ST02,Care Pastor,42,2026-09-07
M0162,ST04,Connections Pastor,34,2026-02-19
M0163,ST01,Senior Pastor,9,2026-07-12
M0163,ST02,Care Pastor,33,2026-09-02
M0163,ST04,Connections Pastor,40,2026-09-11
M0164,ST01,Senior Pastor,10,2026-07-28
M0164,ST02,Care Pastor,37,2026-09-24
M0164,ST04,Connections Pastor,54,2026-08-14
M0164,ST12,Small Group Leader,79,2026-09-19
M0165,ST01,Senior Pastor,6,2026-05-29
M0165,ST02,Care Pastor,30,2026-07-29
M0165,ST04,Connections Pastor,47,2026-08-26
M0165,ST09,Small Group Leader,80,2026-09-02
M0166,ST01,Senior Pastor,16,2026-02-25
M0166,ST02,Care Pastor,38,2026-06-15
M0166,ST04,Connections Pastor,46,2025-12-16
M0167,ST01,Senior Pastor,36,2026-09-15
M0167,ST02,Care Pastor,56,2026-06-14
M0167,ST04,Connections Pastor,58,2026-09-15
M0167,ST10,Small Group Leader,83,2026-09-13
M0168,ST01,Senior Pastor,16,2026-09-01
M0168,ST02,Care Pastor,5,2026-06-15
M0168,ST04,Connections Pastor,39,2026-07-10
M0168,ST09,Small Group Leader,75,2026-09-09
M0169,ST01,Senior Pastor,11,2026-04-01
M0169,ST02,Care Pastor,25,2026-06-09
M0169,ST04,Connections Pastor,60,2026-09-28
M0170,ST01,Senior Pastor,41,2026-07-28
M0170,ST02,Care Pastor,45,2026-07-27
M0170,ST04,Connections Pastor,60,2026-06-11
M0171,ST01,Senior Pastor,22,2026-09-02
M0171,ST02,Care Pastor,33,2026-05-25
M0171,ST04,Connections Pastor,39,2026-09-17
M0172,ST01,Senior Pastor,12,2026-09-14
M0172,ST02,Care Pastor,35,2026-08-30
M0172,ST04,Connections Pastor,37,2026-10-01
M0172,ST09,Small Group Leader,90,2026-09-17
M0173,ST01,Senior Pastor,21,2026-09-09
M0173,ST02,Care Pastor,48,2026-08-31
M0173,ST04,Connections Pastor,46,2026-09-04
M0173,ST13,Small Group Leader,88,2026-09-21
M0174,ST01,Senior Pastor,34,2026-08-25
M0174,ST02,Care Pastor,47,2026-04-13
M0174,ST04,Connections Pastor,29,2026-09-30
M0174,ST11,Small Group Leader,86,2026-09-19
M0175,ST01,Senior Pastor,24,2026-03-16
M0175,ST02,Care Pastor,31,2026-08-16
M0175,ST05,Volunteer Coordinator,76,2026-09-16
M0175,ST09,Small Group Leader,81,2026-07-17
M0176,ST01,Senior Pastor,14,2026-09-09
M0176,ST02,Care Pastor,9,2026-03-25
M0176,ST04,Connections Pastor,26,2026-07-29
M0176,ST09,Small Group Leader,76,2026-09-25
M0177,ST01,Senior Pastor,20,2026-06-21
M0177,ST02,Care Pastor,36,2025-01-30
M0177,ST04,Connections Pastor,51,2026-05-19
M0177,ST13,Small Group Leader,58,2026-10-01
M0178,ST01,Senior Pastor,12,2026-04-02
M0178,ST02,Care Pastor,66,2026-08-27
M0178,ST04,Connections Pastor,53,2026-09-16
M0178,ST13,Small Group Leader,81,2026-10-01
M0179,ST01,Senior Pastor,8,2026-03-27
M0179,ST02,Care Pastor,61,2026-09-05
M0179,ST04,Connections Pastor,38,2026-04-20
M0180,ST01,Senior Pastor,5,2026-06-12
M0180,ST02,Care Pastor,49,2026-10-03
M0180,ST05,Volunteer Coordinator,61,2026-09-21
M0181,ST01,Senior Pastor,14,2026-06-15
M0181,ST02,Care Pastor,15,2026-08-03
M0181,ST04,Connections Pastor,44,2026-09-07
M0181,ST11,Small Group Leader,87,2026-09-24
M0182,ST01,Senior Pastor,3,2025-10-26
M0182,ST02,Care Pastor,27,2026-09-03
M0182,ST04,Connections Pastor,40,2026-09-21
M0182,ST12,Small Group Leader,72,2026-04-01
M0183,ST01,Senior Pastor,26,2026-08-27
M0183,ST02,Care Pastor,35,2026-09-23
M0183,ST04,Connections Pastor,38,2026-07-29
M0183,ST13,Small Group Leader,56,2026-09-04
M0184,ST01,Senior Pastor,37,2026-09-15
M0184,ST02,Care Pastor,26,2026-05-02
M0184,ST04,Connections Pastor,72,2026-09-26
M0184,ST09,Small Group Leader,50,2026-05-31
M0185,ST01,Senior Pastor,20,2026-06-10
M0185,ST02,Care Pastor,11,2026-09-06
M0185,ST04,Connections Pastor,47,2026-09-24
M0186,ST01,Senior Pastor,17,2026-02-26
M0186,ST02,Care Pastor,15,2026-07-14
M0186,ST04,Connections Pastor,44,2026-09-12
M0186,ST11,Small Group Leader,86,2026-09-12
M0187,ST01,Senior Pastor,14,2026-07-31
M0187,ST02,Care Pastor,54,2026-08-10
M0187,ST04,Connections Pastor,53,2026-10-01
M0187,ST09,Small Group Leader,76,2026-09-01
M0188,ST01,Senior Pastor,3,2026-09-03
M0188,ST02,Care Pastor,32,2026-08-06
M0188,ST05,Volunteer Coordinator,53,2026-09-09
M0188,ST12,Small Group Leader,73,2026-05-30
M0189,ST01,Senior Pastor,21,2026-06-09
M0189,ST02,Care Pastor,41,2026-09-04
M0189,ST04,Connections Pastor,70,2026-07-09
M0189,ST10,Small Group Leader,81,2026-07-30
M0190,ST01,Senior Pastor,35,2026-08-13
M0190,ST02,Care Pastor,17,2026-08-02
M0190,ST05,Volunteer Coordinator,59,2026-09-29
M0190,ST12,Small Group Leader,74,2026-08-20
M0191,ST01,Senior Pastor,34,2026-09-18
M0191,ST02,Care Pastor,42,2026-10-02
M0191,ST04,Connections Pastor,51,2026-09-29
M0191,ST11,Small Group Leader,83,2026-09-12
M0192,ST01,Senior Pastor,31,2026-08-22
M0192,ST02,Care Pastor,24,2026-09-15
M0192,ST04,Connections Pastor,35,2026-08-01
M0193,ST01,Senior Pastor,10,2026-07-03
M0193,ST02,Care Pastor,16,2026-07-20
M0193,ST05,Volunteer Coordinator,60,2026-08-15
M0194,ST01,Senior Pastor,21,2026-09-16
M0194,ST02,Care Pastor,36,2026-09-14
M0194,ST04,Connections Pastor,58,2026-09-27
M0194,ST09,Small Group Leader,86,2026-09-25
M0195,ST01,Senior Pastor,39,2026-09-01
M0195,ST02,Care Pastor,12,2026-05-04
M0195,ST04,Connections Pastor,62,2026-08-30
M0195,ST12,Small Group Leader,93,2026-07-08
M0196,ST01,Senior Pastor,9,2026-05-15
M0196,ST02,Care Pastor,29,2026-06-28
M0196,ST04,Connections Pastor,30,2026-08-24
M0196,ST13,Small Group Leader,73,2026-09-17
M0197,ST01,Senior Pastor,31,2026-06-29
M0197,ST02,Care Pastor,48,2026-09-05
M0197,ST04,Connections Pastor,66,2026-06-28
M0198,ST01,Senior Pastor,21,2026-05-26
M0198,ST02,Care Pastor,70,2026-09-20
M0198,ST04,Connections Pastor,74,2026-08-17
M0198,ST12,Small Group Leader,92,2026-09-14
M0199,ST01,Senior Pastor,32,2026-05-07
M0199,ST02,Care Pastor,60,2026-09-28
M0199,ST04,Connections Pastor,72,2026-06-16
M0200,ST01,Senior Pastor,23,2025-12-14
M0200,ST02,Care Pastor,53,2026-08-18
M0200,ST04,Connections Pastor,32,2026-06-07
M0200,ST12,Small Group Leader,80,2026-09-28
M0201,ST01,Senior Pastor,10,2025-09-12
M0201,ST02,Care Pastor,51,2026-03-14
M0201,ST05,Volunteer Coordinator,43,2026-07-30
M0201,ST12,Small Group Leader,78,2026-09-27
M0202,ST01,Senior Pastor,13,2026-08-01
M0202,ST02,Care Pastor,48,2026-08-02
M0202,ST04,Connections Pastor,50,2026-08-01
M0203,ST01,Senior Pastor,16,2026-05-15
M0203,ST02,Care Pastor,55,2026-03-01
M0203,ST05,Volunteer Coordinator,72,2026-09-02
M0204,ST01,Senior Pastor,35,2026-06-27
M0204,ST02,Care Pastor,70,2026-08-21
M0204,ST04,Connections Pastor,78,2026-05-29
M0204,ST13,Small Group Leader,58,2026-08-04
M0205,ST01,Senior Pastor,8,2026-06-08
M0205,ST02,Care Pastor,35,2026-01-27
M0205,ST05,Volunteer Coordinator,47,2026-05-05
M0206,ST01,Senior Pastor,19,2026-06-20
M0206,ST02,Care Pastor,27,2026-07-08
M0206,ST04,Connections Pastor,49,2026-09-22
M0206,ST09,Small Group Leader,53,2026-04-14
M0207,ST01,Senior Pastor,22,2026-09-30
M0207,ST02,Care Pastor,33,2026-09-05
M0207,ST04,Connections Pastor,70,2026-09-19
M0208,ST01,Senior Pastor,17,2026-09-07
M0208,ST02,Care Pastor,27,2026-08-27
M0208,ST04,Connections Pastor,42,2026-09-05
M0208,ST11,Small Group Leader,71,2026-04-15
M0209,ST01,Senior Pastor,30,2026-07-04
M0209,ST02,Care Pastor,26,2026-07-27
M0209,ST04,Connections Pastor,54,2026-07-08
M0209,ST10,Small Group Leader,69,2026-07-27
M0210,ST01,Senior Pastor,18,2026-09-09
M0210,ST02,Care Pastor,35,2026-08-12
M0210,ST04,Connections Pastor,58,2026-08-28
M0211,ST01,Senior Pastor,13,2026-07-15
M0211,ST02,Care Pastor,15,2026-05-10
M0211,ST05,Volunteer Coordinator,48,2026-09-26
M0212,ST01,Senior Pastor,20,2026-01-23
M0212,ST02,Care Pastor,28,2026-08-19
M0212,ST04,Connections Pastor,40,2026-09-29
M0213,ST01,Senior Pastor,22,2026-09-25
M0213,ST02,Care Pastor,33,2026-06-09
M0213,ST04,Connections Pastor,53,2026-09-29
M0213,ST12,Small Group Leader,86,2026-06-18
M0214,ST01,Senior Pastor,45,2026-08-10
M0214,ST02,Care Pastor,70,2026-09-15
M0214,ST04,Connections Pastor,60,2026-08-04
M0215,ST01,Senior Pastor,15,2026-10-03
M0215,ST02,Care Pastor,32,2026-08-27
M0215,ST04,Connections Pastor,47,2026-09-15
M0215,ST11,Small Group Leader,95,2026-09-18
M0216,ST01,Senior Pastor,30,2026-09-19
M0216,ST02,Care Pastor,55,2026-09-11
M0216,ST05,Volunteer Coordinator,67,2026-09-17
M0216,ST12,Small Group Leader,72,2026-07-29
M0217,ST01,Senior Pastor,27,2026-07-12
M0217,ST02,Care Pastor,18,2026-09-18
M0217,ST04,Connections Pastor,34,2026-07-03
M0217,ST12,Small Group Leader,64,2026-10-02
M0218,ST01,Senior Pastor,3,2026-09-19
M0218,ST02,Care Pastor,47,2026-08-26
M0218,ST05,Volunteer Coordinator,64,2026-09-21
M0218,ST13,Small Group Leader,86,2026-09-23
M0219,ST01,Senior Pastor,8,2026-07-19
M0219,ST02,Care Pastor,33,2026-06-17
M0219,ST04,Connections Pastor,30,2026-09-04
M0219,ST10,Small Group Leader,73,2026-09-28
M0220,ST01,Senior Pastor,32,2026-09-28
M0220,ST02,Care Pastor,58,2026-08-25
M0220,ST04,Connections Pastor,78,2026-08-25
M0220,ST13,Small Group Leader,62,2026-09-27
M0221,ST01,Senior Pastor,19,2026-03-22
M0221,ST02,Care Pastor,18,2025-07-31
M0221,ST04,Connections Pastor,39,2026-05-21
M0221,ST09,Small Group Leader,93,2026-09-25
M0222,ST01,Senior Pastor,14,2026-09-29
M0222,ST02,Care Pastor,11,2026-09-29
M0222,ST04,Connections Pastor,70,2026-08-23
M0222,ST13,Small Group Leader,52,2026-09-01
M0223,ST01,Senior Pastor,12,2026-07-20
M0223,ST02,Care Pastor,47,2026-08-03
M0223,ST04,Connections Pastor,48,2026-06-03
M0224,ST01,Senior Pastor,14,2026-07-30
M0224,ST02,Care Pastor,33,2026-08-04
M0224,ST05,Volunteer Coordinator,58,2026-06-30
M0225,ST01,Senior Pastor,4,2026-04-16
M0225,ST02,Care Pastor,39,2026-08-25
M0225,ST04,Connections Pastor,56,2026-08-09
M0225,ST09,Small Group Leader,68,2026-08-12
M0226,ST01,Senior Pastor,17,2025-04-28
M0226,ST02,Care Pastor,56,2026-05-02
M0226,ST04,Connections Pastor,12,2026-07-31
M0226,ST13,Small Group Leader,71,2026-09-23
M0227,ST01,Senior Pastor,15,2026-07-25
M0227,ST02,Care Pastor,26,2026-06-17
M0227,ST04,Connections Pastor,48,2026-06-17
M0228,ST01,Senior Pastor,14,2026-06-26
M0228,ST02,Care Pastor,34,2026-08-15
M0228,ST04,Connections Pastor,50,2026-08-18
M0228,ST13,Small Group Leader,68,2026-09-27
M0229,ST01,Senior Pastor,12,2026-07-11
M0229,ST02,Care Pastor,37,2026-08-06
M0229,ST04,Connections Pastor,64,2026-10-01
M0229,ST13,Small Group Leader,85,2026-09-25
M0230,ST01,Senior Pastor,3,2026-09-16
M0230,ST02,Care Pastor,24,2026-09-12
M0230,ST04,Connections Pastor,60,2026-07-14
M0230,ST11,Small Group Leader,55,2026-08-15
M0231,ST01,Senior Pastor,29,2026-07-29
M0231,ST02,Care Pastor,31,2026-09-04
M0231,ST04,Connections Pastor,40,2026-09-14
M0231,ST12,Small Group Leader,57,2026-08-04
M0232,ST01,Senior Pastor,21,2026-08-31
M0232,ST02,Care Pastor,29,2026-08-20
M0232,ST04,Connections Pastor,17,2026-09-14
M0232,ST12,Small Group Leader,85,2026-09-28
M0233,ST01,Senior Pastor,42,2026-09-21
M0233,ST02,Care Pastor,23,2026-06-09
M0233,ST05,Volunteer Coordinator,72,2026-07-13
M0233,ST13,Small Group Leader,60,2026-08-24
M0234,ST01,Senior Pastor,7,2026-07-30
M0234,ST02,Care Pastor,22,2026-09-23
M0234,ST04,Connections Pastor,24,2026-09-12
M0234,ST13,Small Group Leader,61,2026-09-11
M0235,ST01,Senior Pastor,36,2026-07-07
M0235,ST02,Care Pastor,13,2026-09-09
M0235,ST04,Connections Pastor,23,2026-01-18
M0235,ST12,Small Group Leader,90,2026-08-28
M0236,ST01,Senior Pastor,27,2026-08-31
M0236,ST02,Care Pastor,38,2026-09-22
M0236,ST04,Connections Pastor,57,2026-09-30
M0236,ST13,Small Group Leader,75,2026-05-26
M0237,ST01,Senior Pastor,27,2026-02-07
M0237,ST02,Care Pastor,21,2026-09-27
M0237,ST04,Connections Pastor,45,2026-08-22
M0237,ST13,Small Group Leader,61,2026-08-31
M0238,ST01,Senior Pastor,16,2026-08-27
M0238,ST02,Care Pastor,46,2026-09-11
M0238,ST04,Connections Pastor,35,2026-09-20
M0238,ST13,Small Group Leader,98,2026-10-03
M0239,ST01,Senior Pastor,19,2026-06-23
M0239,ST02,Care Pastor,51,2026-09-05
M0239,ST04,Connections Pastor,71,2026-08-09
M0240,ST01,Senior Pastor,13,2026-06-23
M0240,ST02,Care Pastor,23,2026-02-25
M0240,ST04,Connections Pastor,10,2026-06-01
M0240,ST11,Small Group Leader,79,2026-08-02
