member_id,team,shift_date,hours
M0002,Worship Team,2024-11-02,2.0
M0004,Hospitality,2024-11-02,2.0
M0010,Hospitality,2024-11-02,3.0
M0012,Worship Team,2024-11-02,3.0
M0022,Hospitality,2024-11-02,2.0
M0025,Hospitality,2024-11-02,2.0
M0031,Hospitality,2024-11-02,2.0
M0033,Parking Team,2024-11-02,2.0
M0037,Hospitality,2024-11-02,2.0
M0047,Hospitality,2024-11-02,4.0
M0049,Hospitality,2024-11-02,2.0
M0063,Hospitality,2024-11-02,3.0
M0064,Parking Team,2024-11-02,4.0
M0066,Hospitality,2024-11-02,2.0
M0070,Worship Team,2024-11-02,2.0
M0075,Worship Team,2024-11-02,2.0
M0077,Hospitality,2024-11-02,4.0
M0080,Hospitality,2024-11-02,3.0
M0083,Hospitality,2024-11-02,3.0
M0084,Hospitality,2024-11-02,2.0
M0086,Hospitality,2024-11-02,2.0
M0093,Children's Ministry,2024-11-02,3.0
M0097,Worship Team,2024-11-02,4.0
M0115,Hospitality,2024-11-02,3.0
M0116,Hospitality,2024-11-02,2.0
M0119,Worship Team,2024-11-02,3.0
M0124,Hospitality,2024-11-02,2.0
M0127,Worship Team,2024-11-02,3.0
M0129,Parking Team,2024-11-02,4.0
M0130,Hospitality,2024-11-02,4.0
M0136,Worship Team,2024-11-02,4.0
M0153,Children's Ministry,2024-11-02,4.0
M0155,Worship Team,2024-11-02,3.0
M0159,Worship Team,2024-11-02,2.0
M0174,Worship Team,2024-11-02,2.0
M0175,Hospitality,2024-11-02,2.0
M0188,Hospitality,2024-11-02,4.0
M0190,Hospitality,2024-11-02,2.0
M0193,Tech Team,2024-11-02,2.0
M0201,Parking Team,2024-11-02,2.0
M0205,Parking Team,2024-11-02,4.0
M0208,Children's Ministry,2024-11-02,2.0
M0215,Worship Team,2024-11-02,3.0
M0216,Hospitality,2024-11-02,2.0
M0218,Hospitality,2024-11-02,2.0
M0224,Worship Team,2024-11-02,2.0
M0233,Parking Team,2024-11-02,2.0
M0235,Worship Team,2024-11-02,2.0
M0064,Parking Team,2024-11-13,3.0
M0012,Worship Team,2024-11-15,2.0
M0037,Hospitality,2024-11-16,3.0
M0063,Hospitality,2024-11-16,2.0
M0093,Children's Ministry,2024-11-18,4.0
M0153,Children's Ministry,2024-11-18,2.0
M0047,Hospitality,2024-11-19,3.0
M0233,Parking Team,2024-11-19,3.0
M0022,Hospitality,2024-11-20,2.0
M0129,Parking Team,2024-11-20,4.0
M0155,Worship Team,2024-11-20,4.0
M0211,Children's Ministry,2024-11-24,2.0
M0004,Hospitality,2024-11-26,4.0
M0031,Hospitality,2024-11-26,2.0
M0012,Worship Team,2024-11-27,2.0
M0119,Worship Team,2024-11-27,2.0
M0205,Parking Team,2024-11-27,2.0
M0010,Hospitality,2024-11-28,2.0
M0063,Hospitality,2024-11-28,2.0
M0083,Hospitality,2024-11-28,4.0
M0093,Children's Ministry,2024-11-28,4.0
M0115,Hospitality,2024-11-28,2.0
M0130,Hospitality,2024-11-28,3.0
M0201,Parking Team,2024-11-28,2.0
M0215,Worship Team,2024-11-28,2.0
M0216,Hospitality,2024-11-28,4.0
M0218,Hospitality,2024-11-28,3.0
M0174,Worship Team,2024-11-29,2.0
M0188,Hospitality,2024-11-29,4.0
M0022,Hospitality,2024-11-30,2.0
M0049,Hospitality,2024-11-30,4.0
M0070,Worship Team,2024-11-30,4.0
M0002,Worship Team,2024-12-01,4.0
M0025,Hospitality,2024-12-01,4.0
M0077,Hospitality,2024-12-01,4.0
M0116,Hospitality,2024-12-01,3.0
M0064,Parking Team,2024-12-02,4.0
M0086,Hospitality,2024-12-02,2.0
M0129,Parking Team,2024-12-02,4.0
M0190,Hospitality,2024-12-02,2.0
M0208,Children's Ministry,2024-12-02,2.0
M0235,Worship Team,2024-12-02,4.0
M0037,Hospitality,2024-12-03,3.0
M0080,Hospitality,2024-12-03,4.0
M0084,Hospitality,2024-12-03,4.0
M0136,Worship Team,2024-12-03,2.0
M0155,Worship Team,2024-12-03,2.0
M0175,Hospitality,2024-12-03,2.0
M0233,Parking Team,2024-12-03,2.0
M0033,Parking Team,2024-12-04,3.0
M0047,Hospitality,2024-12-04,2.0
M0097,Worship Team,2024-12-04,2.0
M0124,Hospitality,2024-12-04,2.0
M0127,Worship Team,2024-12-04,3.0
M0153,Children's Ministry,2024-12-05,3.0
M0066,Hospitality,2024-12-07,2.0
M0211,Children's Ministry,2024-12-08,3.0
M0224,Worship Team,2024-12-08,2.0
M0012,Worship Team,2024-12-09,3.0
M0159,Worship Team,2024-12-09,2.0
M0063,Hospitality,2024-12-11,3.0
M0075,Worship Team,2024-12-12,4.0
M0193,Tech Team,2024-12-12,3.0
M0022,Hospitality,2024-12-13,2.0
M0233,Parking Team,2024-12-13,4.0
M0064,Parking Team,2024-12-15,3.0
M0093,Children's Ministry,2024-12-15,4.0
M0037,Hospitality,2024-12-16,2.0
M0129,Parking Team,2024-12-16,4.0
M0153,Children's Ministry,2024-12-19,4.0
M0205,Parking Team,2024-12-19,3.0
M0155,Worship Team,2024-12-21,2.0
M0119,Worship Team,2024-12-23,4.0
M0211,Children's Ministry,2024-12-23,2.0
M0216,Hospitality,2024-12-23,2.0
M0130,Hospitality,2024-12-24,2.0
M0218,Hospitality,2024-12-24,2.0
M0010,Hospitality,2024-12-25,2.0
M0031,Hospitality,2024-12-25,2.0
M0047,Hospitality,2024-12-25,2.0
M0077,Hospitality,2024-12-25,2.0
M0201,Parking Team,2024-12-25,2.0
M0012,Worship Team,2024-12-26,4.0
M0022,Hospitality,2024-12-26,3.0
M0083,Hospitality,2024-12-26,2.0
M0116,Hospitality,2024-12-26,2.0
M0174,Worship Team,2024-12-26,3.0
M0188,Hospitality,2024-12-26,2.0
M0004,Hospitality,2024-12-27,3.0
M0064,Parking Team,2024-12-27,3.0
M0070,Worship Team,2024-12-27,2.0
M0086,Hospitality,2024-12-27,3.0
M0002,Worship Team,2024-12-28,2.0
M0037,Hospitality,2024-12-28,2.0
M0063,Hospitality,2024-12-28,4.0
M0233,Parking Team,2024-12-28,4.0
M0115,Hospitality,2024-12-29,3.0
M0124,Hospitality,2024-12-29,2.0
M0190,Hospitality,2024-12-29,3.0
M0080,Hospitality,2024-12-30,2.0
M0129,Parking Team,2024-12-30,4.0
M0136,Worship Team,2024-12-30,2.0
M0215,Worship Team,2024-12-30,2.0
M0025,Hospitality,2024-12-31,4.0
M0049,Hospitality,2024-12-31,2.0
M0153,Children's Ministry,2025-01-01,3.0
M0033,Parking Team,2025-01-02,3.0
M0084,Hospitality,2025-01-02,2.0
M0093,Children's Ministry,2025-01-02,4.0
M0175,Hospitality,2025-01-02,4.0
M0235,Worship Team,2025-01-02,2.0
M0208,Children's Ministry,2025-01-03,2.0
M0097,Worship Team,2025-01-05,3.0
M0155,Worship Team,2025-01-06,2.0
M0211,Children's Ministry,2025-01-06,3.0
M0063,Hospitality,2025-01-07,2.0
M0224,Worship Team,2025-01-07,2.0
M0012,Worship Team,2025-01-08,4.0
M0127,Worship Team,2025-01-08,2.0
M0205,Parking Team,2025-01-08,2.0
M0047,Hospitality,2025-01-09,3.0
M0066,Hospitality,2025-01-09,4.0
M0037,Hospitality,2025-01-10,2.0
M0022,Hospitality,2025-01-12,2.0
M0093,Children's Ministry,2025-01-12,2.0
M0129,Parking Team,2025-01-13,2.0
M0064,Parking Team,2025-01-15,3.0
M0233,Parking Team,2025-01-15,4.0
M0153,Children's Ministry,2025-01-16,4.0
M0155,Worship Team,2025-01-17,3.0
M0159,Worship Team,2025-01-17,3.0
M0010,Hospitality,2025-01-18,4.0
M0012,Worship Team,2025-01-18,3.0
M0063,Hospitality,2025-01-19,2.0
M0174,Worship Team,2025-01-19,4.0
M0083,Hospitality,2025-01-20,2.0
M0116,Hospitality,2025-01-20,2.0
M0188,Hospitality,2025-01-20,4.0
M0218,Hospitality,2025-01-20,4.0
M0216,Hospitality,2025-01-21,3.0
M0002,Worship Team,2025-01-22,2.0
M0077,Hospitality,2025-01-22,2.0
M0086,Hospitality,2025-01-22,4.0
M0130,Hospitality,2025-01-22,2.0
M0193,Tech Team,2025-01-22,3.0
M0004,Hospitality,2025-01-23,2.0
M0031,Hospitality,2025-01-23,3.0
M0047,Hospitality,2025-01-23,2.0
M0075,Worship Team,2025-01-23,2.0
M0080,Hospitality,2025-01-23,3.0
M0201,Parking Team,2025-01-23,3.0
M0070,Worship Team,2025-01-24,3.0
M0119,Worship Team,2025-01-24,4.0
M0136,Worship Team,2025-01-24,2.0
M0211,Children's Ministry,2025-01-24,4.0
M0037,Hospitality,2025-01-25,2.0
M0115,Hospitality,2025-01-25,2.0
M0129,Parking Team,2025-01-25,4.0
M0049,Hospitality,2025-01-26,3.0
M0064,Parking Team,2025-01-26,2.0
M0093,Children's Ministry,2025-01-26,2.0
M0025,Hospitality,2025-01-27,2.0
M0084,Hospitality,2025-01-27,2.0
M0233,Parking Team,2025-01-27,4.0
M0235,Worship Team,2025-01-27,2.0
M0155,Worship Team,2025-01-28,2.0
M0022,Hospitality,2025-01-29,3.0
M0190,Hospitality,2025-01-29,2.0
M0215,Worship Team,2025-01-29,2.0
M0033,Parking Team,2025-01-30,2.0
M0124,Hospitality,2025-01-30,2.0
M0153,Children's Ministry,2025-01-30,4.0
M0175,Hospitality,2025-01-30,2.0
M0208,Children's Ministry,2025-01-31,2.0
M0012,Worship Team,2025-02-01,3.0
M0205,Parking Team,2025-02-03,4.0
M0037,Hospitality,2025-02-04,2.0
M0063,Hospitality,2025-02-06,3.0
M0097,Worship Team,2025-02-06,3.0
M0211,Children's Ministry,2025-02-07,4.0
M0224,Worship Team,2025-02-07,2.0
M0153,Children's Ministry,2025-02-09,2.0
M0064,Parking Team,2025-02-10,3.0
M0066,Hospitality,2025-02-10,3.0
M0129,Parking Team,2025-02-10,3.0
M0010,Hospitality,2025-02-11,2.0
M0127,Worship Team,2025-02-11,2.0
M0155,Worship Team,2025-02-11,3.0
M0022,Hospitality,2025-02-12,4.0
M0047,Hospitality,2025-02-12,4.0
M0093,Children's Ministry,2025-02-13,4.0
M0201,Parking Team,2025-02-13,4.0
M0233,Parking Team,2025-02-14,2.0
M0077,Hospitality,2025-02-15,4.0
M0130,Hospitality,2025-02-15,4.0
M0083,Hospitality,2025-02-16,2.0
M0116,Hospitality,2025-02-16,4.0
M0218,Hospitality,2025-02-16,2.0
M0012,Worship Team,2025-02-17,2.0
M0188,Hospitality,2025-02-17,3.0
M0080,Hospitality,2025-02-18,3.0
M0174,Worship Team,2025-02-18,2.0
M0037,Hospitality,2025-02-19,4.0
M0216,Hospitality,2025-02-19,4.0
M0086,Hospitality,2025-02-20,3.0
M0153,Children's Ministry,2025-02-20,2.0
M0004,Hospitality,2025-02-21,2.0
M0063,Hospitality,2025-02-21,4.0
M0031,Hospitality,2025-02-22,2.0
M0129,Parking Team,2025-02-22,4.0
M0136,Worship Team,2025-02-22,3.0
M0215,Worship Team,2025-02-22,2.0
M0002,Worship Team,2025-02-23,2.0
M0119,Worship Team,2025-02-23,4.0
M0159,Worship Team,2025-02-23,4.0
M0025,Hospitality,2025-02-24,4.0
M0070,Worship Team,2025-02-24,2.0
M0155,Worship Team,2025-02-24,3.0
M0022,Hospitality,2025-02-25,3.0
M0093,Children's Ministry,2025-02-25,2.0
M0190,Hospitality,2025-02-25,4.0
M0211,Children's Ministry,2025-02-25,2.0
M0233,Parking Team,2025-02-25,4.0
M0235,Worship Team,2025-02-25,3.0
M0049,Hospitality,2025-02-26,2.0
M0064,Parking Team,2025-02-26,4.0
M0084,Hospitality,2025-02-26,2.0
M0205,Parking Team,2025-02-26,2.0
M0175,Hospitality,2025-02-27,4.0
M0115,Hospitality,2025-02-28,4.0
M0193,Tech Team,2025-02-28,2.0
M0012,Worship Team,2025-03-01,3.0
M0034,Parking Team,2025-03-01,2.0
M0124,Hospitality,2025-03-01,3.0
M0208,Children's Ministry,2025-03-01,4.0
M0033,Parking Team,2025-03-02,2.0
M0153,Children's Ministry,2025-03-03,2.0
M0037,Hospitality,2025-03-04,2.0
M0075,Worship Team,2025-03-04,2.0
M0047,Hospitality,2025-03-05,4.0
M0097,Worship Team,2025-03-06,4.0
M0155,Worship Team,2025-03-06,2.0
M0010,Hospitality,2025-03-07,4.0
M0063,Hospitality,2025-03-07,2.0
M0233,Parking Team,2025-03-07,2.0
M0224,Worship Team,2025-03-09,2.0
M0093,Children's Ministry,2025-03-10,2.0
M0201,Parking Team,2025-03-12,2.0
M0022,Hospitality,2025-03-13,2.0
M0064,Parking Team,2025-03-13,4.0
M0083,Hospitality,2025-03-13,3.0
M0116,Hospitality,2025-03-13,4.0
M0129,Parking Team,2025-03-13,2.0
M0037,Hospitality,2025-03-14,2.0
M0066,Hospitality,2025-03-14,4.0
M0130,Hospitality,2025-03-15,2.0
M0211,Children's Ministry,2025-03-15,2.0
M0012,Worship Team,2025-03-16,4.0
M0086,Hospitality,2025-03-16,4.0
M0004,Hospitality,2025-03-17,4.0
M0077,Hospitality,2025-03-17,3.0
M0153,Children's Ministry,2025-03-17,2.0
M0155,Worship Team,2025-03-18,3.0
M0205,Parking Team,2025-03-18,3.0
M0080,Hospitality,2025-03-19,4.0
M0119,Worship Team,2025-03-19,2.0
M0127,Worship Team,2025-03-19,4.0
M0174,Worship Team,2025-03-19,3.0
M0218,Hospitality,2025-03-19,4.0
M0034,Parking Team,2025-03-20,3.0
M0188,Hospitality,2025-03-20,2.0
M0233,Parking Team,2025-03-20,3.0
M0136,Worship Team,2025-03-21,4.0
M0002,Worship Team,2025-03-22,2.0
M0047,Hospitality,2025-03-22,4.0
M0235,Worship Team,2025-03-22,4.0
M0216,Hospitality,2025-03-23,3.0
M0031,Hospitality,2025-03-24,3.0
M0064,Parking Team,2025-03-24,2.0
M0093,Children's Ministry,2025-03-24,4.0
M0025,Hospitality,2025-03-25,4.0
M0063,Hospitality,2025-03-25,3.0
M0124,Hospitality,2025-03-25,4.0
M0033,Parking Team,2025-03-26,4.0
M0129,Parking Team,2025-03-26,3.0
M0175,Hospitality,2025-03-26,2.0
M0215,Worship Team,2025-03-26,4.0
M0022,Hospitality,2025-03-27,4.0
M0037,Hospitality,2025-03-27,4.0
M0115,Hospitality,2025-03-27,3.0
M0153,Children's Ministry,2025-03-27,2.0
M0190,Hospitality,2025-03-27,4.0
M0070,Worship Team,2025-03-28,2.0
M0211,Children's Ministry,2025-03-28,3.0
M0049,Hospitality,2025-03-29,2.0
M0084,Hospitality,2025-03-29,2.0
M0208,Children's Ministry,2025-03-29,2.0
M0159,Worship Team,2025-03-30,2.0
M0233,Parking Team,2025-03-31,2.0
M0155,Worship Team,2025-04-01,3.0
M0012,Worship Team,2025-04-02,4.0
M0097,Worship Team,2025-04-05,2.0
M0201,Parking Team,2025-04-06,2.0
M0010,Hospitality,2025-04-07,4.0
M0093,Children's Ministry,2025-04-07,2.0
M0116,Hospitality,2025-04-07,3.0
M0064,Parking Team,2025-04-08,2.0
M0224,Worship Team,2025-04-08,2.0
M0034,Parking Team,2025-04-09,2.0
M0086,Hospitality,2025-04-09,3.0
M0063,Hospitality,2025-04-10,2.0
M0083,Hospitality,2025-04-10,3.0
M0233,Parking Team,2025-04-10,2.0
M0022,Hospitality,2025-04-11,3.0
M0037,Hospitality,2025-04-12,3.0
M0047,Hospitality,2025-04-12,3.0
M0119,Worship Team,2025-04-12,4.0
M0129,Parking Team,2025-04-12,3.0
M0193,Tech Team,2025-04-12,3.0
M0211,Children's Ministry,2025-04-12,2.0
M0077,Hospitality,2025-04-13,3.0
M0155,Worship Team,2025-04-13,3.0
M0066,Hospitality,2025-04-14,3.0
M0075,Worship Team,2025-04-14,3.0
M0153,Children's Ministry,2025-04-14,3.0
M0002,Worship Team,2025-04-15,2.0
M0004,Hospitality,2025-04-15,2.0
M0130,Hospitality,2025-04-15,3.0
M0205,Parking Team,2025-04-15,4.0
M0012,Worship Team,2025-04-16,4.0
M0174,Worship Team,2025-04-16,4.0
M0124,Hospitality,2025-04-18,2.0
M0033,Parking Team,2025-04-19,4.0
M0218,Hospitality,2025-04-19,4.0
M0235,Worship Team,2025-04-19,2.0
M0080,Hospitality,2025-04-20,3.0
M0136,Worship Team,2025-04-20,2.0
M0188,Hospitality,2025-04-20,3.0
M0031,Hospitality,2025-04-21,2.0
M0070,Worship Team,2025-04-21,4.0
M0155,Worship Team,2025-04-23,2.0
M0190,Hospitality,2025-04-23,2.0
M0208,Children's Ministry,2025-04-23,4.0
M0216,Hospitality,2025-04-23,2.0
M0025,Hospitality,2025-04-24,2.0
M0084,Hospitality,2025-04-24,2.0
M0129,Parking Team,2025-04-24,4.0
M0211,Children's Ministry,2025-04-24,4.0
M0215,Worship Team,2025-04-24,4.0
M0063,Hospitality,2025-04-25,3.0
M0093,Children's Ministry,2025-04-25,3.0
M0022,Hospitality,2025-04-26,2.0
M0034,Parking Team,2025-04-26,4.0
M0064,Parking Team,2025-04-26,3.0
M0127,Worship Team,2025-04-26,3.0
M0233,Parking Team,2025-04-26,4.0
M0037,Hospitality,2025-04-27,4.0
M0047,Hospitality,2025-04-27,3.0
M0175,Hospitality,2025-04-27,2.0
M0201,Parking Team,2025-04-28,3.0
M0049,Hospitality,2025-04-29,2.0
M0115,Hospitality,2025-04-30,2.0
M0153,Children's Ministry,2025-04-30,4.0
M0010,Hospitality,2025-05-01,4.0
M0012,Worship Team,2025-05-01,2.0
M0116,Hospitality,2025-05-02,2.0
M0097,Worship Team,2025-05-04,3.0
M0159,Worship Team,2025-05-05,2.0
M0233,Parking Team,2025-05-06,4.0
M0077,Hospitality,2025-05-07,2.0
M0224,Worship Team,2025-05-07,3.0
M0083,Hospitality,2025-05-08,2.0
M0119,Worship Team,2025-05-08,4.0
M0205,Parking Team,2025-05-08,4.0
M0022,Hospitality,2025-05-09,2.0
M0037,Hospitality,2025-05-09,2.0
M0093,Children's Ministry,2025-05-09,2.0
M0129,Parking Team,2025-05-09,4.0
M0086,Hospitality,2025-05-10,2.0
M0211,Children's Ministry,2025-05-10,2.0
M0004,Hospitality,2025-05-11,3.0
M0063,Hospitality,2025-05-11,2.0
M0155,Worship Team,2025-05-11,2.0
M0064,Parking Team,2025-05-12,2.0
M0002,Worship Team,2025-05-13,2.0
M0034,Parking Team,2025-05-13,4.0
M0066,Hospitality,2025-05-13,3.0
M0130,Hospitality,2025-05-13,2.0
M0188,Hospitality,2025-05-14,4.0
M0153,Children's Ministry,2025-05-16,2.0
M0012,Worship Team,2025-05-17,3.0
M0031,Hospitality,2025-05-17,4.0
M0218,Hospitality,2025-05-17,3.0
M0233,Parking Team,2025-05-17,4.0
M0033,Parking Team,2025-05-18,3.0
M0047,Hospitality,2025-05-18,3.0
M0070,Worship Team,2025-05-18,2.0
M0174,Worship Team,2025-05-18,3.0
M0080,Hospitality,2025-05-19,2.0
M0190,Hospitality,2025-05-19,2.0
M0093,Children's Ministry,2025-05-20,4.0
M0124,Hospitality,2025-05-20,4.0
M0215,Worship Team,2025-05-20,3.0
M0037,Hospitality,2025-05-21,2.0
M0136,Worship Team,2025-05-21,3.0
M0216,Hospitality,2025-05-21,4.0
M0235,Worship Team,2025-05-21,2.0
M0064,Parking Team,2025-05-23,2.0
M0193,Tech Team,2025-05-23,4.0
M0022,Hospitality,2025-05-24,2.0
M0025,Hospitality,2025-05-24,4.0
M0063,Hospitality,2025-05-24,2.0
M0084,Hospitality,2025-05-24,4.0
M0129,Parking Team,2025-05-24,2.0
M0208,Children's Ministry,2025-05-24,2.0
M0211,Children's Ministry,2025-05-24,4.0
M0075,Worship Team,2025-05-25,2.0
M0010,Hospitality,2025-05-26,2.0
M0175,Hospitality,2025-05-26,2.0
M0201,Parking Team,2025-05-27,2.0
M0034,Parking Team,2025-05-28,2.0
M0097,Worship Team,2025-05-28,2.0
M0153,Children's Ministry,2025-05-28,4.0
M0155,Worship Team,2025-05-28,2.0
M0127,Worship Team,2025-05-29,4.0
M0205,Parking Team,2025-05-29,2.0
M0233,Parking Team,2025-05-29,2.0
M0049,Hospitality,2025-05-30,4.0
M0115,Hospitality,2025-05-30,4.0
M0116,Hospitality,2025-05-31,2.0
M0012,Worship Team,2025-06-01,2.0
M0093,Children's Ministry,2025-06-02,2.0
M0064,Parking Team,2025-06-03,3.0
M0119,Worship Team,2025-06-03,3.0
M0022,Hospitality,2025-06-04,2.0
M0077,Hospitality,2025-06-04,3.0
M0086,Hospitality,2025-06-05,2.0
M0004,Hospitality,2025-06-06,4.0
M0037,Hospitality,2025-06-06,4.0
M0159,Worship Team,2025-06-06,3.0
M0002,Worship Team,2025-06-07,2.0
M0153,Children's Ministry,2025-06-07,2.0
M0063,Hospitality,2025-06-08,2.0
M0047,Hospitality,2025-06-09,2.0
M0083,Hospitality,2025-06-09,2.0
M0129,Parking Team,2025-06-10,2.0
M0211,Children's Ministry,2025-06-10,4.0
M0066,Hospitality,2025-06-11,2.0
M0130,Hospitality,2025-06-11,4.0
M0218,Hospitality,2025-06-11,2.0
M0233,Parking Team,2025-06-11,4.0
M0033,Parking Team,2025-06-12,4.0
M0174,Worship Team,2025-06-12,4.0
M0224,Worship Team,2025-06-12,3.0
M0155,Worship Team,2025-06-13,2.0
M0188,Hospitality,2025-06-13,2.0
M0124,Hospitality,2025-06-14,4.0
M0215,Worship Team,2025-06-15,2.0
M0070,Worship Team,2025-06-16,2.0
M0080,Hospitality,2025-06-17,2.0
M0031,Hospitality,2025-06-18,2.0
M0064,Parking Team,2025-06-18,2.0
M0084,Hospitality,2025-06-18,2.0
M0136,Worship Team,2025-06-18,2.0
M0190,Hospitality,2025-06-18,2.0
M0012,Worship Team,2025-06-19,3.0
M0022,Hospitality,2025-06-19,3.0
M0216,Hospitality,2025-06-19,2.0
M0034,Parking Team,2025-06-20,4.0
M0093,Children's Ministry,2025-06-20,2.0
M0208,Children's Ministry,2025-06-21,3.0
M0153,Children's Ministry,2025-06-22,4.0
M0175,Hospitality,2025-06-22,2.0
M0235,Worship Team,2025-06-22,2.0
M0155,Worship Team,2025-06-23,4.0
M0205,Parking Team,2025-06-23,2.0
M0037,Hospitality,2025-06-24,2.0
M0129,Parking Team,2025-06-24,4.0
M0025,Hospitality,2025-06-25,2.0
M0063,Hospitality,2025-06-25,2.0
M0097,Worship Team,2025-06-25,2.0
M0201,Parking Team,2025-06-25,2.0
M0233,Parking Team,2025-06-25,3.0
M0211,Children's Ministry,2025-06-26,3.0
M0010,Hospitality,2025-06-27,4.0
M0127,Worship Team,2025-06-28,4.0
M0049,Hospitality,2025-06-29,2.0
M0077,Hospitality,2025-06-29,2.0
M0193,Tech Team,2025-06-29,2.0
M0047,Hospitality,2025-06-30,2.0
M0086,Hospitality,2025-06-30,2.0
M0093,Children's Ministry,2025-07-01,3.0
M0064,Parking Team,2025-07-02,2.0
M0115,Hospitality,2025-07-02,4.0
M0116,Hospitality,2025-07-02,3.0
M0119,Worship Team,2025-07-03,2.0
M0075,Worship Team,2025-07-04,2.0
M0004,Hospitality,2025-07-05,3.0
M0022,Hospitality,2025-07-05,3.0
M0083,Hospitality,2025-07-05,2.0
M0153,Children's Ministry,2025-07-05,4.0
M0218,Hospitality,2025-07-05,4.0
M0034,Parking Team,2025-07-06,2.0
M0155,Worship Team,2025-07-06,2.0
M0012,Worship Team,2025-07-07,2.0
M0188,Hospitality,2025-07-07,3.0
M0174,Worship Team,2025-07-08,2.0
M0211,Children's Ministry,2025-07-08,3.0
M0002,Worship Team,2025-07-09,2.0
M0033,Parking Team,2025-07-09,3.0
M0130,Hospitality,2025-07-09,2.0
M0063,Hospitality,2025-07-10,2.0
M0233,Parking Team,2025-07-10,2.0
M0037,Hospitality,2025-07-11,2.0
M0070,Worship Team,2025-07-11,3.0
M0080,Hospitality,2025-07-11,4.0
M0093,Children's Ministry,2025-07-12,4.0
M0124,Hospitality,2025-07-12,3.0
M0129,Parking Team,2025-07-12,4.0
M0215,Worship Team,2025-07-12,2.0
M0066,Hospitality,2025-07-13,2.0
M0064,Parking Team,2025-07-14,2.0
M0031,Hospitality,2025-07-15,3.0
M0136,Worship Team,2025-07-15,3.0
M0159,Worship Team,2025-07-15,4.0
M0190,Hospitality,2025-07-15,2.0
M0235,Worship Team,2025-07-16,4.0
M0155,Worship Team,2025-07-17,2.0
M0205,Parking Team,2025-07-17,4.0
M0224,Worship Team,2025-07-18,2.0
M0084,Hospitality,2025-07-20,4.0
M0097,Worship Team,2025-07-20,2.0
M0153,Children's Ministry,2025-07-20,3.0
M0037,Hospitality,2025-07-21,3.0
M0047,Hospitality,2025-07-21,2.0
M0175,Hospitality,2025-07-21,2.0
M0216,Hospitality,2025-07-21,3.0
M0010,Hospitality,2025-07-23,2.0
M0022,Hospitality,2025-07-23,4.0
M0049,Hospitality,2025-07-23,2.0
M0063,Hospitality,2025-07-23,4.0
M0093,Children's Ministry,2025-07-23,3.0
M0201,Parking Team,2025-07-23,2.0
M0208,Children's Ministry,2025-07-23,4.0
M0077,Hospitality,2025-07-24,2.0
M0012,Worship Team,2025-07-25,4.0
M0211,Children's Ministry,2025-07-26,3.0
M0034,Parking Team,2025-07-27,3.0
M0233,Parking Team,2025-07-27,3.0
M0025,Hospitality,2025-07-29,2.0
M0064,Parking Team,2025-07-29,2.0
M0086,Hospitality,2025-07-29,2.0
M0119,Worship Team,2025-07-30,4.0
M0129,Parking Team,2025-07-30,4.0
M0115,Hospitality,2025-07-31,2.0
M0116,Hospitality,2025-07-31,3.0
M0153,Children's Ministry,2025-07-31,2.0
M0004,Hospitality,2025-08-01,4.0
M0083,Hospitality,2025-08-01,2.0
M0022,Hospitality,2025-08-03,4.0
M0033,Parking Team,2025-08-03,2.0
M0037,Hospitality,2025-08-03,2.0
M0063,Hospitality,2025-08-03,3.0
M0130,Hospitality,2025-08-03,2.0
M0155,Worship Team,2025-08-03,2.0
M0127,Worship Team,2025-08-04,2.0
M0174,Worship Team,2025-08-04,4.0
M0188,Hospitality,2025-08-05,4.0
M0218,Hospitality,2025-08-05,2.0
M0205,Parking Team,2025-08-06,2.0
M0002,Worship Team,2025-08-07,2.0
M0070,Worship Team,2025-08-07,2.0
M0211,Children's Ministry,2025-08-07,4.0
M0093,Children's Ministry,2025-08-08,3.0
M0031,Hospitality,2025-08-09,2.0
M0047,Hospitality,2025-08-09,2.0
M0080,Hospitality,2025-08-09,2.0
M0124,Hospitality,2025-08-10,4.0
M0233,Parking Team,2025-08-10,4.0
M0012,Worship Team,2025-08-11,3.0
M0190,Hospitality,2025-08-11,2.0
M0075,Worship Team,2025-08-12,3.0
M0193,Tech Team,2025-08-12,3.0
M0215,Worship Team,2025-08-12,2.0
M0037,Hospitality,2025-08-14,2.0
M0064,Parking Team,2025-08-14,4.0
M0066,Hospitality,2025-08-15,3.0
M0159,Worship Team,2025-08-15,2.0
M0022,Hospitality,2025-08-16,4.0
M0034,Parking Team,2025-08-16,4.0
M0063,Hospitality,2025-08-16,3.0
M0084,Hospitality,2025-08-16,2.0
M0129,Parking Team,2025-08-16,2.0
M0136,Worship Team,2025-08-16,3.0
M0153,Children's Ministry,2025-08-16,4.0
M0097,Worship Team,2025-08-17,2.0
M0235,Worship Team,2025-08-17,4.0
M0049,Hospitality,2025-08-19,3.0
M0155,Worship Team,2025-08-19,3.0
M0201,Parking Team,2025-08-19,4.0
M0010,Hospitality,2025-08-20,2.0
M0175,Hospitality,2025-08-20,2.0
M0224,Worship Team,2025-08-20,3.0
M0077,Hospitality,2025-08-21,4.0
M0216,Hospitality,2025-08-21,4.0
M0086,Hospitality,2025-08-22,2.0
M0093,Children's Ministry,2025-08-22,3.0
M0211,Children's Ministry,2025-08-23,2.0
M0208,Children's Ministry,2025-08-24,2.0
M0064,Parking Team,2025-08-25,2.0
M0119,Worship Team,2025-08-25,2.0
M0012,Worship Team,2025-08-26,4.0
M0037,Hospitality,2025-08-26,3.0
M0153,Children's Ministry,2025-08-26,3.0
M0047,Hospitality,2025-08-27,2.0
M0004,Hospitality,2025-08-28,3.0
M0233,Parking Team,2025-08-28,4.0
M0174,Worship Team,2025-08-29,2.0
M0033,Parking Team,2025-08-30,2.0
M0063,Hospitality,2025-08-31,4.0
M0205,Parking Team,2025-08-31,2.0
M0025,Hospitality,2025-09-01,3.0
M0034,Parking Team,2025-09-01,4.0
M0083,Hospitality,2025-09-01,4.0
M0116,Hospitality,2025-09-01,2.0
M0129,Parking Team,2025-09-01,2.0
M0218,Hospitality,2025-09-01,2.0
M0155,Worship Team,2025-09-02,4.0
M0002,Worship Team,2025-09-03,4.0
M0022,Hospitality,2025-09-03,3.0
M0080,Hospitality,2025-09-03,3.0
M0115,Hospitality,2025-09-03,2.0
M0188,Hospitality,2025-09-03,3.0
M0130,Hospitality,2025-09-04,3.0
M0190,Hospitality,2025-09-04,2.0
M0070,Worship Team,2025-09-05,4.0
M0124,Hospitality,2025-09-05,2.0
M0012,Worship Team,2025-09-06,2.0
M0064,Parking Team,2025-09-06,4.0
M0157,Parking Team,2025-09-06,4.0
M0211,Children's Ministry,2025-09-07,4.0
M0093,Children's Ministry,2025-09-08,2.0
M0127,Worship Team,2025-09-08,3.0
M0031,Hospitality,2025-09-10,2.0
M0063,Hospitality,2025-09-10,3.0
M0235,Worship Team,2025-09-10,3.0
M0037,Hospitality,2025-09-11,2.0
M0097,Worship Team,2025-09-11,2.0
M0084,Hospitality,2025-09-12,2.0
M0153,Children's Ministry,2025-09-12,2.0
M0155,Worship Team,2025-09-13,4.0
M0215,Worship Team,2025-09-13,3.0
M0233,Parking Team,2025-09-13,3.0
M0136,Worship Team,2025-09-15,4.0
M0175,Hospitality,2025-09-15,2.0
M0201,Parking Team,2025-09-15,2.0
M0047,Hospitality,2025-09-17,2.0
M0211,Children's Ministry,2025-09-17,4.0
M0022,Hospitality,2025-09-18,2.0
M0129,Parking Team,2025-09-18,4.0
M0159,Worship Team,2025-09-18,2.0
M0216,Hospitality,2025-09-18,4.0
M0049,Hospitality,2025-09-19,4.0
M0066,Hospitality,2025-09-19,2.0
M0010,Hospitality,2025-09-20,4.0
M0086,Hospitality,2025-09-20,2.0
M0193,Tech Team,2025-09-20,3.0
M0224,Worship Team,2025-09-20,2.0
M0077,Hospitality,2025-09-21,2.0
M0119,Worship Team,2025-09-21,3.0
M0004,Hospitality,2025-09-23,2.0
M0012,Worship Team,2025-09-23,2.0
M0058,Parking Team,2025-09-23,3.0
M0063,Hospitality,2025-09-23,3.0
M0064,Parking Team,2025-09-23,3.0
M0093,Children's Ministry,2025-09-23,2.0
M0208,Children's Ministry,2025-09-23,4.0
M0033,Parking Team,2025-09-24,2.0
M0034,Parking Team,2025-09-24,3.0
M0037,Hospitality,2025-09-24,4.0
M0205,Parking Team,2025-09-24,2.0
M0153,Children's Ministry,2025-09-25,4.0
M0174,Worship Team,2025-09-25,2.0
M0155,Worship Team,2025-09-26,4.0
M0075,Worship Team,2025-09-27,3.0
M0116,Hospitality,2025-09-27,4.0
M0190,Hospitality,2025-09-28,2.0
M0022,Hospitality,2025-09-29,3.0
M0233,Parking Team,2025-09-30,3.0
M0002,Worship Team,2025-10-02,3.0
M0218,Hospitality,2025-10-02,2.0
M0080,Hospitality,2025-10-03,3.0
M0083,Hospitality,2025-10-03,4.0
M0130,Hospitality,2025-10-03,2.0
M0025,Hospitality,2025-10-04,3.0
M0070,Worship Team,2025-10-04,3.0
M0188,Hospitality,2025-10-04,4.0
M0235,Worship Team,2025-10-04,2.0
M0211,Children's Ministry,2025-10-05,3.0
M0047,Hospitality,2025-10-06,3.0
M0124,Hospitality,2025-10-06,2.0
M0129,Parking Team,2025-10-06,2.0
M0031,Hospitality,2025-10-07,3.0
M0093,Children's Ministry,2025-10-07,2.0
M0115,Hospitality,2025-10-07,3.0
M0155,Worship Team,2025-10-07,4.0
M0215,Worship Team,2025-10-07,4.0
M0037,Hospitality,2025-10-08,2.0
M0097,Worship Team,2025-10-08,2.0
M0153,Children's Ministry,2025-10-09,2.0
M0012,Worship Team,2025-10-10,2.0
M0034,Parking Team,2025-10-10,2.0
M0063,Hospitality,2025-10-10,2.0
M0064,Parking Team,2025-10-10,2.0
M0084,Hospitality,2025-10-10,4.0
M0201,Parking Team,2025-10-12,2.0
M0010,Hospitality,2025-10-14,4.0
M0205,Parking Team,2025-10-14,2.0
M0233,Parking Team,2025-10-14,2.0
M0127,Worship Team,2025-10-16,2.0
M0022,Hospitality,2025-10-17,2.0
M0049,Hospitality,2025-10-17,4.0
M0077,Hospitality,2025-10-17,4.0
M0086,Hospitality,2025-10-17,3.0
M0175,Hospitality,2025-10-17,2.0
M0066,Hospitality,2025-10-18,2.0
M0136,Worship Team,2025-10-18,3.0
M0153,Children's Ministry,2025-10-19,2.0
M0157,Parking Team,2025-10-19,2.0
M0174,Worship Team,2025-10-19,4.0
M0047,Hospitality,2025-10-20,4.0
M0216,Hospitality,2025-10-20,2.0
M0058,Parking Team,2025-10-21,2.0
M0093,Children's Ministry,2025-10-21,2.0
M0211,Children's Ministry,2025-10-21,2.0
M0119,Worship Team,2025-10-22,2.0
M0004,Hospitality,2025-10-23,3.0
M0033,Parking Team,2025-10-23,2.0
M0129,Parking Team,2025-10-23,3.0
M0190,Hospitality,2025-10-23,2.0
M0208,Children's Ministry,2025-10-23,4.0
M0012,Worship Team,2025-10-24,2.0
M0063,Hospitality,2025-10-24,2.0
M0037,Hospitality,2025-10-25,2.0
M0064,Parking Team,2025-10-25,4.0
M0155,Worship Team,2025-10-25,2.0
M0159,Worship Team,2025-10-25,2.0
M0224,Worship Team,2025-10-26,2.0
M0193,Tech Team,2025-10-27,2.0
M0083,Hospitality,2025-10-28,2.0
M0130,Hospitality,2025-10-28,3.0
M0233,Parking Team,2025-10-28,2.0
M0116,Hospitality,2025-10-29,2.0
M0188,Hospitality,2025-10-30,4.0
M0022,Hospitality,2025-10-31,4.0
M0080,Hospitality,2025-10-31,2.0
M0034,Parking Team,2025-11-01,2.0
M0153,Children's Ministry,2025-11-01,2.0
M0215,Worship Team,2025-11-01,3.0
M0218,Hospitality,2025-11-01,4.0
M0097,Worship Team,2025-11-02,2.0
M0002,Worship Team,2025-11-03,2.0
M0031,Hospitality,2025-11-03,2.0
M0084,Hospitality,2025-11-03,2.0
M0211,Children's Ministry,2025-11-03,2.0
M0235,Worship Team,2025-11-03,4.0
M0070,Worship Team,2025-11-04,4.0
M0082,Worship Team,2025-11-04,2.0
M0124,Hospitality,2025-11-05,4.0
M0025,Hospitality,2025-11-06,4.0
M0037,Hospitality,2025-11-06,2.0
M0115,Hospitality,2025-11-06,2.0
M0047,Hospitality,2025-11-07,4.0
M0063,Hospitality,2025-11-07,3.0
M0093,Children's Ministry,2025-11-07,3.0
M0205,Parking Team,2025-11-07,3.0
M0012,Worship Team,2025-11-08,4.0
M0064,Parking Team,2025-11-08,2.0
M0129,Parking Team,2025-11-08,3.0
M0075,Worship Team,2025-11-10,4.0
M0201,Parking Team,2025-11-10,2.0
M0203,Worship Team,2025-11-10,4.0
M0233,Parking Team,2025-11-10,2.0
M0022,Hospitality,2025-11-12,4.0
M0155,Worship Team,2025-11-12,2.0
M0136,Worship Team,2025-11-13,2.0
M0010,Hospitality,2025-11-14,3.0
M0049,Hospitality,2025-11-14,4.0
M0086,Hospitality,2025-11-14,2.0
M0058,Parking Team,2025-11-15,2.0
M0119,Worship Team,2025-11-16,2.0
M0153,Children's Ministry,2025-11-16,4.0
M0004,Hospitality,2025-11-17,2.0
M0066,Hospitality,2025-11-17,2.0
M0077,Hospitality,2025-11-17,2.0
M0208,Children's Ministry,2025-11-17,3.0
M0175,Hospitality,2025-11-18,4.0
M0190,Hospitality,2025-11-18,4.0
M0216,Hospitality,2025-11-18,2.0
M0033,Parking Team,2025-11-19,4.0
M0174,Worship Team,2025-11-19,3.0
M0211,Children's Ministry,2025-11-19,2.0
M0034,Parking Team,2025-11-20,2.0
M0037,Hospitality,2025-11-20,2.0
M0064,Parking Team,2025-11-20,4.0
M0093,Children's Ministry,2025-11-20,2.0
M0083,Hospitality,2025-11-21,2.0
M0127,Worship Team,2025-11-21,2.0
M0012,Worship Team,2025-11-22,3.0
M0021,Worship Team,2025-11-24,2.0
M0129,Parking Team,2025-11-24,4.0
M0063,Hospitality,2025-11-25,4.0
M0130,Hospitality,2025-11-25,3.0
M0155,Worship Team,2025-11-25,4.0
M0080,Hospitality,2025-11-26,4.0
M0180,Parking Team,2025-11-26,4.0
M0188,Hospitality,2025-11-26,4.0
M0215,Worship Team,2025-11-26,3.0
M0224,Worship Team,2025-11-26,2.0
M0097,Worship Team,2025-11-27,2.0
M0116,Hospitality,2025-11-27,4.0
M0233,Parking Team,2025-11-27,3.0
M0022,Hospitality,2025-11-29,2.0
M0047,Hospitality,2025-11-29,3.0
M0070,Worship Team,2025-11-30,2.0
M0153,Children's Ministry,2025-11-30,3.0
M0159,Worship Team,2025-11-30,2.0
M0037,Hospitality,2025-12-01,2.0
M0157,Parking Team,2025-12-01,2.0
M0218,Hospitality,2025-12-01,2.0
M0235,Worship Team,2025-12-01,4.0
M0084,Hospitality,2025-12-02,4.0
M0064,Parking Team,2025-12-03,4.0
M0201,Parking Team,2025-12-03,2.0
M0002,Worship Team,2025-12-04,3.0
M0031,Hospitality,2025-12-04,2.0
M0193,Tech Team,2025-12-04,3.0
M0124,Hospitality,2025-12-05,4.0
M0205,Parking Team,2025-12-05,2.0
M0211,Children's Ministry,2025-12-06,4.0
M0115,Hospitality,2025-12-07,4.0
M0129,Parking Team,2025-12-07,2.0
M0155,Worship Team,2025-12-07,3.0
M0058,Parking Team,2025-12-08,4.0
M0093,Children's Ministry,2025-12-08,2.0
M0034,Parking Team,2025-12-09,4.0
M0049,Hospitality,2025-12-09,4.0
M0012,Worship Team,2025-12-10,4.0
M0025,Hospitality,2025-12-11,2.0
M0063,Hospitality,2025-12-11,2.0
M0082,Worship Team,2025-12-11,2.0
M0086,Hospitality,2025-12-11,2.0
M0004,Hospitality,2025-12-12,4.0
M0010,Hospitality,2025-12-12,2.0
M0136,Worship Team,2025-12-12,2.0
M0233,Parking Team,2025-12-12,2.0
M0022,Hospitality,2025-12-14,2.0
M0037,Hospitality,2025-12-14,2.0
M0077,Hospitality,2025-12-15,4.0
M0153,Children's Ministry,2025-12-15,2.0
M0180,Parking Team,2025-12-15,2.0
M0064,Parking Team,2025-12-16,2.0
M0066,Hospitality,2025-12-16,4.0
M0174,Worship Team,2025-12-16,3.0
M0190,Hospitality,2025-12-17,2.0
M0203,Worship Team,2025-12-17,3.0
M0119,Worship Team,2025-12-18,2.0
M0175,Hospitality,2025-12-18,4.0
M0216,Hospitality,2025-12-18,2.0
M0093,Children's Ministry,2025-12-19,3.0
M0208,Children's Ministry,2025-12-19,2.0
M0033,Parking Team,2025-12-20,2.0
M0083,Hospitality,2025-12-20,2.0
M0129,Parking Team,2025-12-20,3.0
M0155,Worship Team,2025-12-20,2.0
M0215,Worship Team,2025-12-20,3.0
M0047,Hospitality,2025-12-21,3.0
M0075,Worship Team,2025-12-21,2.0
M0012,Worship Team,2025-12-22,3.0
M0051,Worship Team,2025-12-22,2.0
M0233,Parking Team,2025-12-22,3.0
M0097,Worship Team,2025-12-24,2.0
M0211,Children's Ministry,2025-12-24,2.0
M0022,Hospitality,2025-12-25,3.0
M0224,Worship Team,2025-12-25,3.0
M0084,Hospitality,2025-12-26,2.0
M0153,Children's Ministry,2025-12-26,2.0
M0037,Hospitality,2025-12-27,2.0
M0063,Hospitality,2025-12-27,2.0
M0116,Hospitality,2025-12-27,2.0
M0130,Hospitality,2025-12-27,2.0
M0031,Hospitality,2025-12-28,2.0
M0080,Hospitality,2025-12-28,4.0
M0127,Worship Team,2025-12-28,4.0
M0188,Hospitality,2025-12-28,4.0
M0201,Parking Team,2025-12-28,2.0
M0235,Worship Team,2025-12-29,4.0
M0034,Parking Team,2025-12-31,3.0
M0070,Worship Team,2025-12-31,2.0
M0159,Worship Team,2025-12-31,3.0
M0218,Hospitality,2025-12-31,2.0
M0021,Worship Team,2026-01-01,4.0
M0205,Parking Team,2026-01-01,3.0
M0211,Children's Ministry,2026-01-03,3.0
M0002,Worship Team,2026-01-04,2.0
M0058,Parking Team,2026-01-04,3.0
M0064,Parking Team,2026-01-04,2.0
M0093,Children's Ministry,2026-01-04,4.0
M0124,Hospitality,2026-01-04,3.0
M0180,Parking Team,2026-01-04,2.0
M0086,Hospitality,2026-01-05,4.0
M0022,Hospitality,2026-01-06,2.0
M0047,Hospitality,2026-01-06,4.0
M0155,Worship Team,2026-01-07,3.0
M0012,Worship Team,2026-01-08,2.0
M0049,Hospitality,2026-01-08,2.0
M0115,Hospitality,2026-01-08,4.0
M0129,Parking Team,2026-01-08,2.0
M0004,Hospitality,2026-01-09,4.0
M0136,Worship Team,2026-01-09,2.0
M0153,Children's Ministry,2026-01-09,2.0
M0233,Parking Team,2026-01-09,2.0
M0010,Hospitality,2026-01-10,2.0
M0077,Hospitality,2026-01-12,4.0
M0025,Hospitality,2026-01-13,3.0
M0119,Worship Team,2026-01-13,2.0
M0157,Parking Team,2026-01-13,3.0
M0211,Children's Ministry,2026-01-13,3.0
M0033,Parking Team,2026-01-14,4.0
M0037,Hospitality,2026-01-14,2.0
M0063,Hospitality,2026-01-14,2.0
M0064,Parking Team,2026-01-15,3.0
M0174,Worship Team,2026-01-15,4.0
M0083,Hospitality,2026-01-16,2.0
M0190,Hospitality,2026-01-16,3.0
M0093,Children's Ministry,2026-01-17,2.0
M0154,Parking Team,2026-01-17,3.0
M0155,Worship Team,2026-01-17,3.0
M0175,Hospitality,2026-01-17,3.0
M0216,Hospitality,2026-01-17,2.0
M0193,Tech Team,2026-01-18,3.0
M0201,Parking Team,2026-01-18,2.0
M0208,Children's Ministry,2026-01-18,3.0
M0051,Worship Team,2026-01-19,4.0
M0129,Parking Team,2026-01-19,3.0
M0233,Parking Team,2026-01-19,4.0
M0066,Hospitality,2026-01-20,3.0
M0180,Parking Team,2026-01-20,2.0
M0012,Worship Team,2026-01-21,2.0
M0031,Hospitality,2026-01-21,2.0
M0153,Children's Ministry,2026-01-21,2.0
M0215,Worship Team,2026-01-21,3.0
M0022,Hospitality,2026-01-22,2.0
M0034,Parking Team,2026-01-22,4.0
M0203,Worship Team,2026-01-22,3.0
M0205,Parking Team,2026-01-22,3.0
M0224,Worship Team,2026-01-22,4.0
M0082,Worship Team,2026-01-23,4.0
M0235,Worship Team,2026-01-23,4.0
M0080,Hospitality,2026-01-24,4.0
M0097,Worship Team,2026-01-24,4.0
M0130,Hospitality,2026-01-24,3.0
M0188,Hospitality,2026-01-24,3.0
M0037,Hospitality,2026-01-25,2.0
M0084,Hospitality,2026-01-25,2.0
M0218,Hospitality,2026-01-25,4.0
M0047,Hospitality,2026-01-26,3.0
M0064,Parking Team,2026-01-26,2.0
M0211,Children's Ministry,2026-01-26,2.0
M0058,Parking Team,2026-01-27,2.0
M0070,Worship Team,2026-01-27,3.0
M0116,Hospitality,2026-01-27,3.0
M0075,Worship Team,2026-01-28,4.0
M0127,Worship Team,2026-01-29,2.0
M0063,Hospitality,2026-01-30,2.0
M0233,Parking Team,2026-01-31,4.0
M0086,Hospitality,2026-02-01,3.0
M0155,Worship Team,2026-02-01,3.0
M0002,Worship Team,2026-02-02,4.0
M0004,Hospitality,2026-02-02,2.0
M0124,Hospitality,2026-02-02,2.0
M0129,Parking Team,2026-02-02,2.0
M0093,Children's Ministry,2026-02-03,2.0
M0159,Worship Team,2026-02-03,3.0
M0180,Parking Team,2026-02-04,4.0
M0010,Hospitality,2026-02-05,2.0
M0136,Worship Team,2026-02-06,2.0
M0077,Hospitality,2026-02-07,3.0
M0012,Worship Team,2026-02-08,3.0
M0021,Worship Team,2026-02-08,4.0
M0049,Hospitality,2026-02-08,3.0
M0153,Children's Ministry,2026-02-08,4.0
M0022,Hospitality,2026-02-09,2.0
M0190,Hospitality,2026-02-09,4.0
M0034,Parking Team,2026-02-10,2.0
M0119,Worship Team,2026-02-10,3.0
M0115,Hospitality,2026-02-11,3.0
M0205,Parking Team,2026-02-11,3.0
M0033,Parking Team,2026-02-12,4.0
M0037,Hospitality,2026-02-12,2.0
M0233,Parking Team,2026-02-12,4.0
M0047,Hospitality,2026-02-13,3.0
M0064,Parking Team,2026-02-13,4.0
M0211,Children's Ministry,2026-02-13,2.0
M0174,Worship Team,2026-02-14,4.0
M0201,Parking Team,2026-02-14,2.0
M0216,Hospitality,2026-02-14,4.0
M0025,Hospitality,2026-02-15,3.0
M0155,Worship Team,2026-02-15,2.0
M0051,Worship Team,2026-02-16,3.0
M0063,Hospitality,2026-02-16,4.0
M0083,Hospitality,2026-02-16,2.0
M0093,Children's Ministry,2026-02-16,4.0
M0031,Hospitality,2026-02-17,2.0
M0130,Hospitality,2026-02-17,2.0
M0154,Parking Team,2026-02-17,2.0
M0175,Hospitality,2026-02-17,4.0
M0129,Parking Team,2026-02-18,3.0
M0208,Children's Ministry,2026-02-18,4.0
M0218,Hospitality,2026-02-18,2.0
M0153,Children's Ministry,2026-02-19,3.0
M0235,Worship Team,2026-02-19,3.0
M0058,Parking Team,2026-02-20,3.0
M0097,Worship Team,2026-02-20,2.0
M0022,Hospitality,2026-02-21,2.0
M0070,Worship Team,2026-02-21,2.0
M0188,Hospitality,2026-02-21,4.0
M0215,Worship Team,2026-02-21,4.0
M0012,Worship Team,2026-02-22,2.0
M0064,Parking Team,2026-02-24,2.0
M0080,Hospitality,2026-02-24,3.0
M0034,Parking Team,2026-02-25,2.0
M0066,Hospitality,2026-02-25,4.0
M0193,Tech Team,2026-02-25,2.0
M0063,Hospitality,2026-02-26,4.0
M0084,Hospitality,2026-02-26,2.0
M0116,Hospitality,2026-02-26,2.0
M0124,Hospitality,2026-02-26,2.0
M0224,Worship Team,2026-02-26,4.0
M0233,Parking Team,2026-02-26,2.0
M0180,Parking Team,2026-02-27,2.0
M0004,Hospitality,2026-02-28,2.0
M0037,Hospitality,2026-02-28,2.0
M0157,Parking Team,2026-02-28,3.0
M0211,Children's Ministry,2026-02-28,4.0
M0002,Worship Team,2026-03-01,2.0
M0010,Hospitality,2026-03-02,3.0
M0127,Worship Team,2026-03-02,3.0
M0086,Hospitality,2026-03-03,3.0
M0093,Children's Ministry,2026-03-03,2.0
M0203,Worship Team,2026-03-03,4.0
M0047,Hospitality,2026-03-04,2.0
M0077,Hospitality,2026-03-04,3.0
M0155,Worship Team,2026-03-04,2.0
M0129,Parking Team,2026-03-05,2.0
M0119,Worship Team,2026-03-06,2.0
M0075,Worship Team,2026-03-07,4.0
M0153,Children's Ministry,2026-03-07,2.0
M0022,Hospitality,2026-03-08,4.0
M0082,Worship Team,2026-03-08,3.0
M0159,Worship Team,2026-03-08,3.0
M0205,Parking Team,2026-03-09,2.0
M0233,Parking Team,2026-03-09,2.0
M0049,Hospitality,2026-03-10,2.0
M0051,Worship Team,2026-03-10,3.0
M0174,Worship Team,2026-03-10,3.0
M0012,Worship Team,2026-03-11,4.0
M0033,Parking Team,2026-03-11,4.0
M0063,Hospitality,2026-03-11,2.0
M0136,Worship Team,2026-03-11,2.0
M0190,Hospitality,2026-03-11,3.0
M0037,Hospitality,2026-03-12,2.0
M0216,Hospitality,2026-03-12,3.0
M0025,Hospitality,2026-03-14,2.0
M0093,Children's Ministry,2026-03-14,3.0
M0201,Parking Team,2026-03-14,4.0
M0034,Parking Team,2026-03-15,2.0
M0064,Parking Team,2026-03-15,2.0
M0097,Worship Team,2026-03-16,2.0
M0115,Hospitality,2026-03-16,2.0
M0154,Parking Team,2026-03-16,2.0
M0083,Hospitality,2026-03-17,2.0
M0235,Worship Team,2026-03-17,2.0
M0155,Worship Team,2026-03-18,2.0
M0180,Parking Team,2026-03-18,2.0
M0211,Children's Ministry,2026-03-18,2.0
M0031,Hospitality,2026-03-19,4.0
M0130,Hospitality,2026-03-19,3.0
M0215,Worship Team,2026-03-19,4.0
M0218,Hospitality,2026-03-19,4.0
M0021,Worship Team,2026-03-20,4.0
M0208,Children's Ministry,2026-03-20,2.0
M0058,Parking Team,2026-03-21,2.0
M0175,Hospitality,2026-03-21,2.0
M0012,Worship Team,2026-03-22,2.0
M0080,Hospitality,2026-03-22,2.0
M0129,Parking Team,2026-03-22,2.0
M0188,Hospitality,2026-03-22,2.0
M0070,Worship Team,2026-03-23,2.0
M0022,Hospitality,2026-03-24,4.0
M0037,Hospitality,2026-03-24,4.0
M0047,Hospitality,2026-03-24,3.0
M0084,Hospitality,2026-03-24,2.0
M0093,Children's Ministry,2026-03-24,4.0
M0153,Children's Ministry,2026-03-25,2.0
M0063,Hospitality,2026-03-27,2.0
M0233,Parking Team,2026-03-27,2.0
M0010,Hospitality,2026-03-28,4.0
M0124,Hospitality,2026-03-28,2.0
M0211,Children's Ministry,2026-03-28,3.0
M0066,Hospitality,2026-03-29,2.0
M0064,Parking Team,2026-03-30,2.0
M0116,Hospitality,2026-03-30,3.0
M0205,Parking Team,2026-03-30,4.0
M0155,Worship Team,2026-03-31,2.0
M0004,Hospitality,2026-04-01,2.0
M0077,Hospitality,2026-04-01,2.0
M0086,Hospitality,2026-04-01,4.0
M0119,Worship Team,2026-04-01,2.0
M0224,Worship Team,2026-04-01,4.0
M0002,Worship Team,2026-04-02,2.0
M0012,Worship Team,2026-04-03,2.0
M0034,Parking Team,2026-04-03,3.0
M0174,Worship Team,2026-04-03,2.0
M0153,Children's Ministry,2026-04-04,3.0
M0033,Parking Team,2026-04-05,2.0
M0037,Hospitality,2026-04-05,3.0
M0127,Worship Team,2026-04-06,3.0
M0129,Parking Team,2026-04-06,4.0
M0193,Tech Team,2026-04-06,4.0
M0047,Hospitality,2026-04-08,4.0
M0136,Worship Team,2026-04-08,3.0
M0190,Hospitality,2026-04-08,4.0
M0233,Parking Team,2026-04-08,2.0
M0051,Worship Team,2026-04-09,4.0
M0063,Hospitality,2026-04-09,3.0
M0154,Parking Team,2026-04-09,2.0
M0159,Worship Team,2026-04-09,2.0
M0180,Parking Team,2026-04-09,4.0
M0022,Hospitality,2026-04-10,2.0
M0093,Children's Ministry,2026-04-10,2.0
M0216,Hospitality,2026-04-10,3.0
M0049,Hospitality,2026-04-11,4.0
M0115,Hospitality,2026-04-11,2.0
M0201,Parking Team,2026-04-11,3.0
M0211,Children's Ministry,2026-04-11,3.0
M0097,Worship Team,2026-04-12,3.0
M0157,Parking Team,2026-04-12,2.0
M0203,Worship Team,2026-04-12,2.0
M0130,Hospitality,2026-04-13,4.0
M0155,Worship Team,2026-04-13,3.0
M0218,Hospitality,2026-04-13,2.0
M0235,Worship Team,2026-04-13,2.0
M0080,Hospitality,2026-04-15,2.0
M0175,Hospitality,2026-04-15,3.0
M0082,Worship Team,2026-04-16,2.0
M0037,Hospitality,2026-04-17,4.0
M0064,Parking Team,2026-04-17,3.0
M0084,Hospitality,2026-04-17,4.0
M0025,Hospitality,2026-04-18,2.0
M0034,Parking Team,2026-04-18,4.0
M0058,Parking Team,2026-04-18,2.0
M0083,Hospitality,2026-04-18,3.0
M0208,Children's Ministry,2026-04-18,4.0
M0215,Worship Team,2026-04-18,2.0
M0012,Worship Team,2026-04-19,4.0
M0075,Worship Team,2026-04-19,2.0
M0153,Children's Ministry,2026-04-19,3.0
M0233,Parking Team,2026-04-19,4.0
M0031,Hospitality,2026-04-20,2.0
M0070,Worship Team,2026-04-21,2.0
M0124,Hospitality,2026-04-21,2.0
M0205,Parking Team,2026-04-21,3.0
M0211,Children's Ministry,2026-04-21,2.0
M0188,Hospitality,2026-04-22,4.0
M0093,Children's Ministry,2026-04-24,2.0
M0116,Hospitality,2026-04-24,4.0
M0010,Hospitality,2026-04-25,2.0
M0129,Parking Team,2026-04-25,4.0
M0155,Worship Team,2026-04-25,2.0
M0022,Hospitality,2026-04-26,2.0
M0021,Worship Team,2026-04-27,4.0
M0063,Hospitality,2026-04-27,3.0
M0086,Hospitality,2026-04-27,2.0
M0180,Parking Team,2026-04-27,3.0
M0047,Hospitality,2026-04-29,3.0
M0077,Hospitality,2026-04-29,3.0
M0174,Worship Team,2026-04-29,4.0
M0002,Worship Team,2026-05-01,3.0
M0033,Parking Team,2026-05-01,2.0
M0064,Parking Team,2026-05-01,3.0
M0119,Worship Team,2026-05-01,4.0
M0224,Worship Team,2026-05-01,2.0
M0233,Parking Team,2026-05-01,4.0
M0066,Hospitality,2026-05-02,3.0
M0004,Hospitality,2026-05-03,2.0
M0012,Worship Team,2026-05-03,2.0
M0037,Hospitality,2026-05-03,2.0
M0201,Parking Team,2026-05-03,2.0
M0211,Children's Ministry,2026-05-04,2.0
M0034,Parking Team,2026-05-05,4.0
M0049,Hospitality,2026-05-05,2.0
M0136,Worship Team,2026-05-05,3.0
M0153,Children's Ministry,2026-05-05,4.0
M0042,Hospitality,2026-05-06,4.0
M0097,Worship Team,2026-05-06,3.0
M0129,Parking Team,2026-05-06,2.0
M0051,Worship Team,2026-05-07,4.0
M0154,Parking Team,2026-05-07,4.0
M0190,Hospitality,2026-05-07,3.0
M0093,Children's Ministry,2026-05-08,2.0
M0235,Worship Team,2026-05-09,4.0
M0115,Hospitality,2026-05-10,2.0
M0127,Worship Team,2026-05-10,3.0
M0216,Hospitality,2026-05-10,4.0
M0130,Hospitality,2026-05-11,4.0
M0218,Hospitality,2026-05-11,3.0
M0233,Parking Team,2026-05-11,2.0
M0063,Hospitality,2026-05-12,3.0
M0080,Hospitality,2026-05-12,2.0
M0083,Hospitality,2026-05-12,4.0
M0084,Hospitality,2026-05-12,3.0
M0155,Worship Team,2026-05-12,2.0
M0208,Children's Ministry,2026-05-12,2.0
M0022,Hospitality,2026-05-14,2.0
M0047,Hospitality,2026-05-14,2.0
M0159,Worship Team,2026-05-14,4.0
M0058,Parking Team,2026-05-16,2.0
M0211,Children's Ministry,2026-05-16,2.0
M0064,Parking Team,2026-05-17,3.0
M0124,Hospitality,2026-05-17,3.0
M0129,Parking Team,2026-05-17,4.0
M0175,Hospitality,2026-05-17,3.0
M0203,Worship Team,2026-05-17,2.0
M0205,Parking Team,2026-05-17,2.0
M0012,Worship Team,2026-05-18,2.0
M0037,Hospitality,2026-05-18,3.0
M0070,Worship Team,2026-05-18,2.0
M0093,Children's Ministry,2026-05-18,2.0
M0116,Hospitality,2026-05-18,2.0
M0193,Tech Team,2026-05-18,3.0
M0153,Children's Ministry,2026-05-19,2.0
M0010,Hospitality,2026-05-20,3.0
M0031,Hospitality,2026-05-20,3.0
M0042,Hospitality,2026-05-20,2.0
M0180,Parking Team,2026-05-20,4.0
M0215,Worship Team,2026-05-20,2.0
M0025,Hospitality,2026-05-21,2.0
M0034,Parking Team,2026-05-21,2.0
M0063,Hospitality,2026-05-22,2.0
M0077,Hospitality,2026-05-23,4.0
M0188,Hospitality,2026-05-23,2.0
M0174,Worship Team,2026-05-24,2.0
M0002,Worship Team,2026-05-26,4.0
M0033,Parking Team,2026-05-26,2.0
M0086,Hospitality,2026-05-26,3.0
M0233,Parking Team,2026-05-26,2.0
M0082,Worship Team,2026-05-27,3.0
M0119,Worship Team,2026-05-27,3.0
M0211,Children's Ministry,2026-05-28,3.0
M0004,Hospitality,2026-05-29,2.0
M0022,Hospitality,2026-05-29,2.0
M0046,Worship Team,2026-05-29,4.0
M0064,Parking Team,2026-05-29,2.0
M0093,Children's Ministry,2026-05-29,4.0
M0155,Worship Team,2026-05-29,2.0
M0157,Parking Team,2026-05-29,2.0
M0021,Worship Team,2026-05-31,2.0
M0047,Hospitality,2026-05-31,3.0
M0051,Worship Team,2026-05-31,4.0
M0153,Children's Ministry,2026-05-31,3.0
M0201,Parking Team,2026-05-31,2.0
M0224,Worship Team,2026-05-31,2.0
M0129,Parking Team,2026-06-01,2.0
M0037,Hospitality,2026-06-03,3.0
M0066,Hospitality,2026-06-03,2.0
M0075,Worship Team,2026-06-03,4.0
M0190,Hospitality,2026-06-03,4.0
M0012,Worship Team,2026-06-04,4.0
M0154,Parking Team,2026-06-04,2.0
M0063,Hospitality,2026-06-05,2.0
M0080,Hospitality,2026-06-05,4.0
M0136,Worship Team,2026-06-05,2.0
M0034,Parking Team,2026-06-06,2.0
M0049,Hospitality,2026-06-06,3.0
M0097,Worship Team,2026-06-07,4.0
M0205,Parking Team,2026-06-07,4.0
M0115,Hospitality,2026-06-08,4.0
M0216,Hospitality,2026-06-08,3.0
M0042,Hospitality,2026-06-09,2.0
M0208,Children's Ministry,2026-06-09,2.0
M0218,Hospitality,2026-06-09,2.0
M0235,Worship Team,2026-06-10,2.0
M0153,Children's Ministry,2026-06-11,2.0
M0211,Children's Ministry,2026-06-11,2.0
M0084,Hospitality,2026-06-12,4.0
M0093,Children's Ministry,2026-06-12,4.0
M0130,Hospitality,2026-06-12,2.0
M0155,Worship Team,2026-06-12,4.0
M0180,Parking Team,2026-06-12,2.0
M0233,Parking Team,2026-06-12,2.0
M0031,Hospitality,2026-06-13,2.0
M0083,Hospitality,2026-06-13,4.0
M0124,Hospitality,2026-06-13,4.0
M0022,Hospitality,2026-06-14,3.0
M0064,Parking Team,2026-06-14,4.0
M0070,Worship Team,2026-06-14,2.0
M0010,Hospitality,2026-06-15,2.0
M0116,Hospitality,2026-06-15,2.0
M0127,Worship Team,2026-06-15,2.0
M0129,Parking Team,2026-06-15,2.0
M0175,Hospitality,2026-06-15,2.0
M0058,Parking Team,2026-06-16,2.0
M0025,Hospitality,2026-06-17,3.0
M0188,Hospitality,2026-06-17,4.0
M0012,Worship Team,2026-06-18,2.0
M0047,Hospitality,2026-06-18,4.0
M0077,Hospitality,2026-06-18,2.0
M0037,Hospitality,2026-06-20,4.0
M0046,Worship Team,2026-06-20,4.0
M0086,Hospitality,2026-06-20,4.0
M0159,Worship Team,2026-06-20,4.0
M0174,Worship Team,2026-06-20,3.0
M0203,Worship Team,2026-06-20,3.0
M0215,Worship Team,2026-06-20,2.0
M0034,Parking Team,2026-06-21,2.0
M0063,Hospitality,2026-06-21,3.0
M0119,Worship Team,2026-06-21,4.0
M0201,Parking Team,2026-06-22,2.0
M0153,Children's Ministry,2026-06-23,4.0
M0233,Parking Team,2026-06-23,3.0
M0004,Hospitality,2026-06-24,2.0
M0033,Parking Team,2026-06-24,3.0
M0042,Hospitality,2026-06-25,2.0
M0051,Worship Team,2026-06-25,2.0
M0155,Worship Team,2026-06-25,4.0
M0211,Children's Ministry,2026-06-26,2.0
M0002,Worship Team,2026-06-27,4.0
M0193,Tech Team,2026-06-27,2.0
M0129,Parking Team,2026-06-28,3.0
M0093,Children's Ministry,2026-06-29,4.0
M0022,Hospitality,2026-07-01,4.0
M0066,Hospitality,2026-07-01,2.0
M0190,Hospitality,2026-07-01,2.0
M0049,Hospitality,2026-07-02,2.0
M0180,Parking Team,2026-07-02,4.0
M0064,Parking Team,2026-07-03,2.0
M0082,Worship Team,2026-07-03,2.0
M0224,Worship Team,2026-07-03,2.0
M0012,Worship Team,2026-07-04,2.0
M0021,Worship Team,2026-07-04,4.0
M0154,Parking Team,2026-07-04,3.0
M0216,Hospitality,2026-07-04,3.0
M0136,Worship Team,2026-07-05,3.0
M0205,Parking Team,2026-07-05,4.0
M0235,Worship Team,2026-07-05,2.0
M0037,Hospitality,2026-07-06,2.0
M0063,Hospitality,2026-07-06,2.0
M0084,Hospitality,2026-07-06,2.0
M0153,Children's Ministry,2026-07-06,3.0
M0155,Worship Team,2026-07-06,2.0
M0218,Hospitality,2026-07-06,2.0
M0080,Hospitality,2026-07-07,4.0
M0097,Worship Team,2026-07-07,4.0
M0115,Hospitality,2026-07-07,2.0
M0124,Hospitality,2026-07-07,2.0
M0208,Children's Ministry,2026-07-08,3.0
M0129,Parking Team,2026-07-09,2.0
M0010,Hospitality,2026-07-10,2.0
M0047,Hospitality,2026-07-10,2.0
M0070,Worship Team,2026-07-10,2.0
M0211,Children's Ministry,2026-07-10,2.0
M0031,Hospitality,2026-07-11,4.0
M0058,Parking Team,2026-07-11,2.0
M0083,Hospitality,2026-07-11,2.0
M0233,Parking Team,2026-07-11,3.0
M0075,Worship Team,2026-07-12,3.0
M0116,Hospitality,2026-07-12,3.0
M0034,Parking Team,2026-07-13,2.0
M0175,Hospitality,2026-07-13,2.0
M0042,Hospitality,2026-07-14,2.0
M0130,Hospitality,2026-07-14,4.0
M0157,Parking Team,2026-07-14,4.0
M0188,Hospitality,2026-07-14,3.0
M0012,Worship Team,2026-07-15,2.0
M0022,Hospitality,2026-07-15,3.0
M0046,Worship Team,2026-07-15,2.0
M0077,Hospitality,2026-07-15,3.0
M0037,Hospitality,2026-07-17,2.0
M0093,Children's Ministry,2026-07-17,2.0
M0180,Parking Team,2026-07-17,2.0
M0025,Hospitality,2026-07-18,3.0
M0064,Parking Team,2026-07-18,2.0
M0086,Hospitality,2026-07-18,3.0
M0127,Worship Team,2026-07-18,2.0
M0153,Children's Ministry,2026-07-18,2.0
M0201,Parking Team,2026-07-18,3.0
M0215,Worship Team,2026-07-18,4.0
M0033,Parking Team,2026-07-19,3.0
M0063,Hospitality,2026-07-19,2.0
M0155,Worship Team,2026-07-20,2.0
M0174,Worship Team,2026-07-21,4.0
M0159,Worship Team,2026-07-22,2.0
M0002,Worship Team,2026-07-23,3.0
M0119,Worship Team,2026-07-23,2.0
M0129,Parking Team,2026-07-23,3.0
M0203,Worship Team,2026-07-23,2.0
M0211,Children's Ministry,2026-07-24,4.0
M0004,Hospitality,2026-07-25,2.0
M0051,Worship Team,2026-07-25,4.0
M0190,Hospitality,2026-07-27,4.0
M0233,Parking Team,2026-07-27,2.0
M0012,Worship Team,2026-07-28,4.0
M0022,Hospitality,2026-07-28,2.0
M0049,Hospitality,2026-07-28,4.0
M0153,Children's Ministry,2026-07-29,4.0
M0063,Hospitality,2026-07-30,4.0
M0205,Parking Team,2026-07-31,4.0
M0216,Hospitality,2026-07-31,4.0
M0046,Worship Team,2026-08-01,2.0
M0047,Hospitality,2026-08-01,4.0
M0155,Worship Team,2026-08-01,2.0
M0037,Hospitality,2026-08-02,4.0
M0042,Hospitality,2026-08-02,2.0
M0093,Children's Ministry,2026-08-02,2.0
M0124,Hospitality,2026-08-02,3.0
M0154,Parking Team,2026-08-02,2.0
M0208,Children's Ministry,2026-08-02,3.0
M0034,Parking Team,2026-08-03,2.0
M0064,Parking Team,2026-08-03,3.0
M0115,Hospitality,2026-08-03,2.0
M0193,Tech Team,2026-08-03,4.0
M0218,Hospitality,2026-08-03,2.0
M0180,Parking Team,2026-08-04,4.0
M0235,Worship Team,2026-08-04,2.0
M0058,Parking Team,2026-08-05,2.0
M0136,Worship Team,2026-08-05,2.0
M0066,Hospitality,2026-08-06,3.0
M0070,Worship Team,2026-08-06,2.0
M0097,Worship Team,2026-08-06,4.0
M0129,Parking Team,2026-08-06,2.0
M0080,Hospitality,2026-08-07,3.0
M0083,Hospitality,2026-08-07,4.0
M0084,Hospitality,2026-08-07,2.0
M0224,Worship Team,2026-08-07,2.0
M0010,Hospitality,2026-08-08,2.0
M0021,Worship Team,2026-08-08,4.0
M0031,Hospitality,2026-08-08,2.0
M0130,Hospitality,2026-08-08,3.0
M0022,Hospitality,2026-08-09,2.0
M0188,Hospitality,2026-08-09,3.0
M0082,Worship Team,2026-08-10,2.0
M0211,Children's Ministry,2026-08-10,4.0
M0116,Hospitality,2026-08-11,3.0
M0175,Hospitality,2026-08-11,4.0
M0233,Parking Team,2026-08-11,2.0
M0037,Hospitality,2026-08-13,4.0
M0033,Parking Team,2026-08-14,2.0
M0077,Hospitality,2026-08-14,2.0
M0086,Hospitality,2026-08-14,2.0
M0012,Worship Team,2026-08-15,2.0
M0063,Hospitality,2026-08-15,4.0
M0155,Worship Team,2026-08-15,2.0
M0201,Parking Team,2026-08-15,4.0
M0215,Worship Team,2026-08-15,3.0
M0042,Hospitality,2026-08-16,2.0
M0153,Children's Ministry,2026-08-16,4.0
M0051,Worship Team,2026-08-17,4.0
M0046,Worship Team,2026-08-18,2.0
M0093,Children's Ministry,2026-08-18,2.0
M0129,Parking Team,2026-08-18,3.0
M0002,Worship Team,2026-08-19,2.0
M0064,Parking Team,2026-08-19,2.0
M0025,Hospitality,2026-08-20,2.0
M0047,Hospitality,2026-08-20,2.0
M0127,Worship Team,2026-08-20,2.0
M0004,Hospitality,2026-08-22,2.0
M0075,Worship Team,2026-08-22,2.0
M0180,Parking Team,2026-08-23,2.0
M0022,Hospitality,2026-08-24,3.0
M0049,Hospitality,2026-08-24,2.0
M0190,Hospitality,2026-08-24,2.0
M0157,Parking Team,2026-08-25,4.0
M0205,Parking Team,2026-08-25,2.0
M0034,Parking Team,2026-08-26,4.0
M0037,Hospitality,2026-08-26,4.0
M0211,Children's Ministry,2026-08-26,3.0
M0233,Parking Team,2026-08-26,2.0
M0063,Hospitality,2026-08-27,3.0
M0153,Children's Ministry,2026-08-27,4.0
M0216,Hospitality,2026-08-27,2.0
M0115,Hospitality,2026-08-30,3.0
M0124,Hospitality,2026-08-30,2.0
M0159,Worship Team,2026-08-30,4.0
M0218,Hospitality,2026-08-30,2.0
M0064,Parking Team,2026-08-31,2.0
M0042,Hospitality,2026-09-01,3.0
M0012,Worship Team,2026-09-02,2.0
M0154,Parking Team,2026-09-02,2.0
M0155,Worship Team,2026-09-02,4.0
M0203,Worship Team,2026-09-02,4.0
M0093,Children's Ministry,2026-09-03,3.0
M0129,Parking Team,2026-09-03,4.0
M0188,Hospitality,2026-09-03,2.0
M0031,Hospitality,2026-09-04,2.0
M0058,Parking Team,2026-09-04,4.0
M0080,Hospitality,2026-09-04,2.0
M0083,Hospitality,2026-09-04,4.0
M0084,Hospitality,2026-09-04,3.0
M0022,Hospitality,2026-09-05,2.0
M0066,Hospitality,2026-09-05,4.0
M0116,Hospitality,2026-09-05,2.0
M0136,Worship Team,2026-09-06,3.0
M0175,Hospitality,2026-09-06,4.0
M0224,Worship Team,2026-09-06,3.0
M0047,Hospitality,2026-09-07,2.0
M0130,Hospitality,2026-09-07,2.0
M0037,Hospitality,2026-09-08,2.0
M0211,Children's Ministry,2026-09-08,3.0
M0046,Worship Team,2026-09-09,2.0
M0051,Worship Team,2026-09-09,2.0
M0063,Hospitality,2026-09-09,3.0
M0201,Parking Team,2026-09-09,4.0
M0233,Parking Team,2026-09-10,2.0
M0077,Hospitality,2026-09-11,4.0
M0153,Children's Ministry,2026-09-11,4.0
M0180,Parking Team,2026-09-11,4.0
M0193,Tech Team,2026-09-11,3.0
M0155,Worship Team,2026-09-12,2.0
M0021,Worship Team,2026-09-13,2.0
M0086,Hospitality,2026-09-14,2.0
M0022,Hospitality,2026-09-15,4.0
M0025,Hospitality,2026-09-17,2.0
M0042,Hospitality,2026-09-17,3.0
M0064,Parking Team,2026-09-17,3.0
M0082,Worship Team,2026-09-17,2.0
M0190,Hospitality,2026-09-17,4.0
M0012,Worship Team,2026-09-18,2.0
M0034,Parking Team,2026-09-18,3.0
M0037,Hospitality,2026-09-18,2.0
M0129,Parking Team,2026-09-18,2.0
M0049,Hospitality,2026-09-19,4.0
M0063,Hospitality,2026-09-19,2.0
M0127,Worship Team,2026-09-19,2.0
M0093,Children's Ministry,2026-09-20,2.0
M0205,Parking Team,2026-09-21,3.0
M0004,Hospitality,2026-09-22,2.0
M0153,Children's Ministry,2026-09-22,2.0
M0047,Hospitality,2026-09-23,2.0
M0218,Hospitality,2026-09-24,2.0
M0233,Parking Team,2026-09-24,2.0
M0211,Children's Ministry,2026-09-25,3.0
M0216,Hospitality,2026-09-25,2.0
M0124,Hospitality,2026-09-26,3.0
M0115,Hospitality,2026-09-27,2.0
M0037,Hospitality,2026-09-29,4.0
M0075,Worship Team,2026-09-29,3.0
M0188,Hospitality,2026-09-29,2.0
M0031,Hospitality,2026-09-30,2.0
M0046,Worship Team,2026-09-30,4.0
M0064,Parking Team,2026-09-30,2.0
M0155,Worship Team,2026-09-30,2.0
M0201,Parking Team,2026-09-30,4.0
M0129,Parking Team,2026-10-01,2.0
M0154,Parking Team,2026-10-01,2.0
M0159,Worship Team,2026-10-01,2.0
M0022,Hospitality,2026-10-02,2.0
M0058,Parking Team,2026-10-02,3.0
M0180,Parking Team,2026-10-02,2.0
