member_id,team,start_date,status,last_served_date
M0002,Worship Team,2024-07-15,Inactive,2026-08-19
M0004,Hospitality,2024-04-16,Active,2026-09-22
M0010,Hospitality,2022-01-08,Inactive,2026-08-08
M0012,Worship Team,2024-09-30,Active,2026-09-18
M0021,Worship Team,2025-11-24,Active,2026-09-13
M0022,Hospitality,2022-11-11,Active,2026-10-02
M0025,Hospitality,2023-03-17,Active,2026-09-17
M0031,Hospitality,2022-08-25,Active,2026-09-30
M0033,Parking Team,2020-03-08,Inactive,2026-08-14
M0034,Parking Team,2025-03-01,Active,2026-09-18
M0037,Hospitality,2021-09-29,Active,2026-09-29
M0042,Hospitality,2026-05-06,Active,2026-09-17
M0046,Worship Team,2026-05-29,Active,2026-09-30
M0047,Hospitality,2023-09-21,Active,2026-09-23
M0049,Hospitality,2024-11-02,Active,2026-09-19
M0051,Worship Team,2025-12-22,Active,2026-09-09
M0058,Parking Team,2025-09-23,Active,2026-10-02
M0063,Hospitality,2018-09-27,Active,2026-09-19
M0064,Parking Team,2023-11-03,Active,2026-09-30
M0066,Hospitality,2024-06-01,Active,2026-09-05
M0070,Worship Team,2022-09-03,Inactive,2026-08-06
M0075,Worship Team,2022-10-27,Active,2026-09-29
M0077,Hospitality,2024-04-16,Active,2026-09-11
M0080,Hospitality,2024-04-16,Active,2026-09-04
M0082,Worship Team,2025-11-04,Active,2026-09-17
M0083,Hospitality,2024-04-16,Active,2026-09-04
M0084,Hospitality,2024-04-16,Active,2026-09-04
M0086,Hospitality,2024-11-02,Active,2026-09-14
M0093,Children's Ministry,2023-09-28,Active,2026-09-20
M0097,Worship Team,2020-03-08,Inactive,2026-08-06
M0115,Hospitality,2023-06-23,Active,2026-09-27
M0116,Hospitality,2024-01-07,Active,2026-09-05
M0119,Worship Team,2020-03-08,Inactive,2026-07-23
M0124,Hospitality,2024-04-16,Active,2026-09-26
M0127,Worship Team,2023-03-17,Active,2026-09-19
M0129,Parking Team,2023-06-04,Active,2026-10-01
M0130,Hospitality,2024-11-02,Active,2026-09-07
M0136,Worship Team,2023-03-12,Active,2026-09-06
M0153,Children's Ministry,2016-10-01,Active,2026-09-22
M0154,Parking Team,2026-01-17,Active,2026-10-01
M0155,Worship Team,2021-09-24,Active,2026-09-30
M0157,Parking Team,2025-09-06,Active,2026-08-25
M0159,Worship Team,2024-08-12,Active,2026-10-01
M0174,Worship Team,2022-03-30,Inactive,2026-07-21
M0175,Hospitality,2024-11-02,Active,2026-09-06
M0180,Parking Team,2025-11-26,Active,2026-10-02
M0188,Hospitality,2024-04-16,Active,2026-09-29
M0190,Hospitality,2022-08-25,Active,2026-09-17
M0193,Tech Team,2023-08-28,Active,2026-09-11
M0201,Parking Team,2023-07-27,Active,2026-09-30
M0203,Worship Team,2025-11-10,Active,2026-09-02
M0205,Parking Team,2024-05-04,Active,2026-09-21
M0208,Children's Ministry,2023-03-05,Inactive,2026-08-02
M0211,Children's Ministry,2024-11-24,Active,2026-09-25
M0215,Worship Team,2020-03-08,Inactive,2026-08-15
M0216,Hospitality,2024-04-16,Active,2026-09-25
M0218,Hospitality,2024-01-07,Active,2026-09-24
M0224,Worship Team,2024-09-06,Active,2026-09-06
M0233,Parking Team,2022-11-15,Active,2026-09-24
M0235,Worship Team,2023-03-10,Inactive,2026-08-04
